511203,100,1000,186.815
511204,100,2000,741.092
511205,100,2000,740.879
511206,100,2000,740.811
511207,100,2000,738.693
511208,100,2000,740.890
511209,100,2000,740.923
511210,500,2000,3653.135
511214,50,100,2.169
511214,100,100,4.013
511214,150,100,6.042
511214,200,100,7.921
511214,250,100,9.937
511214,300,100,11.922
511214,350,100,13.923
511214,400,100,15.744
511214,450,100,17.752
511214,500,100,19.733
511214,50,200,5.208
511214,100,200,10.247
511214,150,200,15.339
511214,200,200,20.314
511214,250,200,25.440
511214,300,200,30.234
511214,350,200,35.440
511214,400,200,40.422
511214,450,200,45.382
511214,500,200,50.363
511214,50,300,9.622
511214,100,300,19.039
511214,150,300,28.593
511214,200,300,37.865
511214,250,300,47.388
511214,300,300,56.637
511214,350,300,66.001
511214,400,300,75.052
511214,450,300,84.889
511214,500,300,94.365
511214,50,400,16.202
511214,100,400,32.164
511214,150,400,48.004
511214,200,400,63.838
511214,250,400,79.712
511214,300,400,95.461
511214,350,400,111.319
511214,400,400,127.099
511214,450,400,142.613
511214,500,400,158.386
511214,50,500,24.528
511214,100,500,48.836
511214,150,500,72.711
511214,200,500,96.755
511214,250,500,120.804
511214,300,500,144.698
511214,350,500,168.794
511214,400,500,192.582
511214,450,500,216.552
511214,500,500,240.528
511214,50,600,35.016
511214,100,600,69.485
511214,150,600,103.899
511214,200,600,138.132
511214,250,600,172.300
511214,300,600,206.313
511214,350,600,240.372
511214,400,600,274.614
511214,450,600,308.550
511214,500,600,342.660
511214,50,700,47.167
511214,100,700,93.573
511214,150,700,139.776
511214,200,700,185.923
511214,250,700,231.985
511214,300,700,278.186
511214,350,700,324.147
511214,400,700,370.013
511214,450,700,416.277
511214,500,700,461.761
511214,50,800,61.364
511214,100,800,121.694
511214,150,800,181.634
511214,200,800,241.429
511214,250,800,300.971
511214,300,800,360.896
511214,350,800,420.228
511214,400,800,480.056
511214,450,800,539.471
511214,500,800,598.266
511214,50,900,76.870
511214,100,900,152.482
511214,150,900,227.900
511214,200,900,303.239
511214,250,900,378.060
511214,300,900,452.950
511214,350,900,527.750
511214,400,900,602.251
511214,450,900,676.939
511214,500,900,751.911
511214,50,1000,94.146
511214,100,1000,186.923
511214,150,1000,279.094
511214,200,1000,371.314
511214,250,1000,463.035
511214,300,1000,555.097
511214,350,1000,646.694
511214,400,1000,738.472
511214,450,1000,830.259
511214,500,1000,921.850
511214,50,1100,113.616
511214,100,1100,225.483
511214,150,1100,336.914
511214,200,1100,448.115
511214,250,1100,558.976
511214,300,1100,670.235
511214,350,1100,780.827
511214,400,1100,891.481
511214,450,1100,1002.378
511214,500,1100,1112.904
511214,50,1200,135.213
511214,100,1200,268.252
511214,150,1200,400.962
511214,200,1200,533.355
511214,250,1200,665.174
511214,300,1200,797.034
511214,350,1200,928.699
511214,400,1200,1060.419
511214,450,1200,1191.488
511214,500,1200,1323.439
511214,50,1300,158.616
511214,100,1300,314.801
511214,150,1300,470.409
511214,200,1300,625.378
511214,250,1300,779.901
511214,300,1300,934.798
511214,350,1300,1089.517
511214,400,1300,1243.851
511214,450,1300,1398.740
511214,500,1300,1552.522
511214,50,1400,183.696
511214,100,1400,364.621
511214,150,1400,544.777
511214,200,1400,724.348
511214,250,1400,903.898
511214,300,1400,1083.275
511214,350,1400,1261.992
511214,400,1400,1441.478
511214,450,1400,1619.424
511214,500,1400,1798.730
511214,50,1500,211.053
511214,100,1500,418.952
511214,150,1500,625.889
511214,200,1500,832.122
511214,250,1500,1038.453
511214,300,1500,1244.141
511214,350,1500,1449.418
511214,400,1500,1654.845
511214,450,1500,1860.063
511214,500,1500,2065.149
511214,50,1600,240.237
511214,100,1600,476.567
511214,150,1600,711.612
511214,200,1600,946.429
511214,250,1600,1181.036
511214,300,1600,1415.421
511214,350,1600,1648.931
511214,400,1600,1882.403
511214,450,1600,2116.257
511214,500,1600,2348.732
511214,50,1700,270.206
511214,100,1700,536.139
511214,150,1700,801.363
511214,200,1700,1065.250
511214,250,1700,1329.333
511214,300,1700,1592.721
511214,350,1700,1855.726
511214,400,1700,2119.885
511214,450,1700,2382.387
511214,500,1700,2646.054
511214,50,1800,302.356
511214,100,1800,600.223
511214,150,1800,896.261
511214,200,1800,1192.426
511214,250,1800,1487.339
511214,300,1800,1782.879
511214,350,1800,2077.925
511214,400,1800,2372.424
511214,450,1800,2666.893
511214,500,1800,2960.065
511214,50,1900,337.087
511214,100,1900,669.003
511214,150,1900,999.515
511214,200,1900,1328.841
511214,250,1900,1658.443
511214,300,1900,1987.065
511214,350,1900,2314.498
511214,400,1900,2643.351
511214,450,1900,2971.621
511214,500,1900,3299.363
511214,50,2000,373.680
511214,100,2000,741.364
511214,150,2000,1107.775
511214,200,2000,1472.546
511214,250,2000,1837.256
511214,300,2000,2202.152
511214,350,2000,2565.260
511214,400,2000,2928.854
511214,450,2000,3292.972
511214,500,2000,3657.141
511214,50,2100,412.101
511214,100,2100,817.466
511214,150,2100,1221.679
511214,200,2100,1623.393
511214,250,2100,2026.289
511214,300,2100,2427.687
511214,350,2100,2828.587
511214,400,2100,3231.725
511214,450,2100,3631.201
511214,500,2100,4030.633
511214,50,2200,451.943
511214,100,2200,896.870
511214,150,2200,1339.895
511214,200,2200,1782.726
511214,250,2200,2223.234
511214,300,2200,2663.479
511214,350,2200,3105.070
511214,400,2200,3544.930
511214,450,2200,3984.368
511214,500,2200,4424.098
511214,50,2300,494.109
511214,100,2300,980.500
511214,150,2300,1465.272
511214,200,2300,1947.827
511214,250,2300,2431.051
511214,300,2300,2912.003
511214,350,2300,3393.763
511214,400,2300,3875.002
511214,450,2300,4356.606
511214,500,2300,4835.190
511214,50,2400,538.991
511214,100,2400,1068.976
511214,150,2400,1596.571
511214,200,2400,2122.843
511214,250,2400,2648.353
511214,300,2400,3172.685
511214,350,2400,3697.245
511214,400,2400,4220.888
511214,450,2400,4744.305
511214,500,2400,5266.652
511214,50,2500,583.235
511214,100,2500,1157.077
511214,150,2500,1728.851
511214,200,2500,2299.973
511214,250,2500,2867.547
511214,300,2500,3436.539
511214,350,2500,4006.566
511214,400,2500,4573.574
511214,450,2500,5141.149
511214,500,2500,5707.661
511214,50,2600,630.420
511214,100,2600,1251.262
511214,150,2600,1868.624
511214,200,2600,2485.234
511214,250,2600,3100.896
511214,300,2600,3715.764
511214,350,2600,4330.659
511214,400,2600,4944.078
511214,450,2600,5557.263
511214,500,2600,6168.726
511214,50,2700,680.050
511214,100,2700,1349.809
511214,150,2700,2016.133
511214,200,2700,2682.578
511214,250,2700,3344.703
511214,300,2700,4008.838
511214,350,2700,4670.420
511214,400,2700,5334.473
511214,450,2700,5994.628
511214,500,2700,6657.509
511214,50,2800,731.914
511214,100,2800,1452.008
511214,150,2800,2168.257
511214,200,2800,2884.160
511214,250,2800,3598.763
511214,300,2800,4312.152
511214,350,2800,5024.142
511214,400,2800,5738.579
511214,450,2800,6448.127
511214,500,2800,7157.739
511214,50,2900,784.895
511214,100,2900,1557.267
511214,150,2900,2326.592
511214,200,2900,3093.700
511214,250,2900,3860.518
511214,300,2900,4625.640
511214,350,2900,5389.297
511214,400,2900,6153.599
511214,450,2900,6920.039
511214,500,2900,7681.603
511214,50,3000,840.083
511214,100,3000,1667.320
511214,150,3000,2491.378
511214,200,3000,3312.753
511214,250,3000,4133.095
511214,300,3000,4953.064
511214,350,3000,5770.635
511214,400,3000,6590.478
511214,450,3000,7406.563
511214,500,3000,8225.408
511217,50,100,2.094
511217,100,100,4.014
511217,150,100,5.953
511217,200,100,7.934
511217,250,100,9.988
511217,300,100,11.860
511217,350,100,13.828
511217,400,100,15.749
511217,450,100,17.726
511217,500,100,19.750
511217,50,200,5.215
511217,100,200,10.218
511217,150,200,15.358
511217,200,200,20.340
511217,250,200,25.373
511217,300,200,30.383
511217,350,200,35.548
511217,400,200,40.255
511217,450,200,45.320
511217,500,200,50.293
511217,50,300,9.609
511217,100,300,18.994
511217,150,300,28.510
511217,200,300,37.966
511217,250,300,47.272
511217,300,300,56.723
511217,350,300,66.046
511217,400,300,75.316
511217,450,300,84.803
511217,500,300,94.084
511217,50,400,16.242
511217,100,400,32.141
511217,150,400,48.006
511217,200,400,63.873
511217,250,400,79.720
511217,300,400,95.433
511217,350,400,111.147
511217,400,400,126.895
511217,450,400,142.841
511217,500,400,158.520
511217,50,500,24.528
511217,100,500,48.741
511217,150,500,72.763
511217,200,500,96.788
511217,250,500,121.175
511217,300,500,144.745
511217,350,500,168.779
511217,400,500,192.564
511217,450,500,216.411
511217,500,500,240.359
511217,50,600,35.039
511217,100,600,69.436
511217,150,600,103.812
511217,200,600,138.049
511217,250,600,172.237
511217,300,600,206.388
511217,350,600,240.420
511217,400,600,274.554
511217,450,600,308.970
511217,500,600,343.443
511217,50,700,47.137
511217,100,700,93.528
511217,150,700,139.781
511217,200,700,185.997
511217,250,700,232.005
511217,300,700,278.212
511217,350,700,324.139
511217,400,700,369.988
511217,450,700,416.233
511217,500,700,461.980
511217,50,800,61.463
511217,100,800,121.750
511217,150,800,181.688
511217,200,800,241.518
511217,250,800,301.208
511217,300,800,361.077
511217,350,800,420.553
511217,400,800,480.172
511217,450,800,539.258
511217,500,800,598.573
511217,50,900,76.832
511217,100,900,152.439
511217,150,900,227.860
511217,200,900,302.942
511217,250,900,377.882
511217,300,900,452.724
511217,350,900,527.849
511217,400,900,602.645
511217,450,900,677.357
511217,500,900,752.163
511217,50,1000,94.111
511217,100,1000,186.938
511217,150,1000,279.374
511217,200,1000,371.404
511217,250,1000,463.473
511217,300,1000,555.115
511217,350,1000,647.199
511217,400,1000,739.838
511217,450,1000,830.596
511217,500,1000,922.182
511217,50,1100,113.641
511217,100,1100,225.543
511217,150,1100,336.864
511217,200,1100,447.993
511217,250,1100,559.118
511217,300,1100,669.883
511217,350,1100,780.841
511217,400,1100,891.797
511217,450,1100,1002.471
511217,500,1100,1112.396
511217,50,1200,135.246
511217,100,1200,268.369
511217,150,1200,400.789
511217,200,1200,532.954
511217,250,1200,665.195
511217,300,1200,797.024
511217,350,1200,928.495
511217,400,1200,1060.324
511217,450,1200,1191.577
511217,500,1200,1323.560
511217,50,1300,158.598
511217,100,1300,315.041
511217,150,1300,470.372
511217,200,1300,625.252
511217,250,1300,779.978
511217,300,1300,934.613
511217,350,1300,1089.334
511217,400,1300,1243.990
511217,450,1300,1398.231
511217,500,1300,1552.446
511217,50,1400,183.620
511217,100,1400,364.641
511217,150,1400,544.831
511217,200,1400,724.614
511217,250,1400,904.319
511217,300,1400,1083.254
511217,350,1400,1261.949
511217,400,1400,1440.679
511217,450,1400,1619.974
511217,500,1400,1798.276
511217,50,1500,211.121
511217,100,1500,418.850
511217,150,1500,625.681
511217,200,1500,831.931
511217,250,1500,1038.182
511217,300,1500,1243.844
511217,350,1500,1449.288
511217,400,1500,1654.896
511217,450,1500,1860.368
511217,500,1500,2064.955
511217,50,1600,240.407
511217,100,1600,476.693
511217,150,1600,711.897
511217,200,1600,946.604
511217,250,1600,1180.568
511217,300,1600,1414.667
511217,350,1600,1648.621
511217,400,1600,1882.543
511217,450,1600,2116.228
511217,500,1600,2349.214
511217,50,1700,270.222
511217,100,1700,536.228
511217,150,1700,801.065
511217,200,1700,1065.294
511217,250,1700,1329.809
511217,300,1700,1593.072
511217,350,1700,1856.598
511217,400,1700,2119.735
511217,450,1700,2382.287
511217,500,1700,2645.458
511217,50,1800,302.333
511217,100,1800,599.991
511217,150,1800,896.503
511217,200,1800,1192.116
511217,250,1800,1487.621
511217,300,1800,1782.706
511217,350,1800,2077.185
511217,400,1800,2372.570
511217,450,1800,2667.543
511217,500,1800,2961.058
511217,50,1900,337.101
511217,100,1900,669.065
511217,150,1900,999.518
511217,200,1900,1329.685
511217,250,1900,1658.440
511217,300,1900,1986.981
511217,350,1900,2315.979
511217,400,1900,2643.621
511217,450,1900,2972.691
511217,500,1900,3300.088
511217,50,2000,373.715
511217,100,2000,741.273
511217,150,2000,1107.403
511217,200,2000,1472.381
511217,250,2000,1837.041
511217,300,2000,2201.374
511217,350,2000,2565.536
511217,400,2000,2928.480
511217,450,2000,3291.457
511217,500,2000,3654.833
511217,50,2100,411.896
511217,100,2100,817.184
511217,150,2100,1220.930
511217,200,2100,1624.500
511217,250,2100,2025.929
511217,300,2100,2427.094
511217,350,2100,2829.286
511217,400,2100,3229.760
511217,450,2100,3630.704
511217,500,2100,4031.825
511217,50,2200,452.063
511217,100,2200,897.031
511217,150,2200,1339.617
511217,200,2200,1782.202
511217,250,2200,2223.420
511217,300,2200,2662.898
511217,350,2200,3105.057
511217,400,2200,3545.699
511217,450,2200,3982.772
511217,500,2200,4425.610
511217,50,2300,494.215
511217,100,2300,980.617
511217,150,2300,1465.169
511217,200,2300,1947.218
511217,250,2300,2430.977
511217,300,2300,2913.623
511217,350,2300,3394.822
511217,400,2300,3876.278
511217,450,2300,4355.664
511217,500,2300,4836.037
511217,50,2400,538.909
511217,100,2400,1068.737
511217,150,2400,1597.076
511217,200,2400,2122.312
511217,250,2400,2647.825
511217,300,2400,3171.588
511217,350,2400,3696.236
511217,400,2400,4220.633
511217,450,2400,4744.339
511217,500,2400,5268.469
511217,50,2500,583.261
511217,100,2500,1157.560
511217,150,2500,1728.878
511217,200,2500,2299.485
511217,250,2500,2868.767
511217,300,2500,3437.926
511217,350,2500,4005.431
511217,400,2500,4571.770
511217,450,2500,5142.581
511217,500,2500,5708.291
511217,50,2600,630.636
511217,100,2600,1251.478
511217,150,2600,1869.435
511217,200,2600,2485.224
511217,250,2600,3101.394
511217,300,2600,3716.851
511217,350,2600,4331.002
511217,400,2600,4945.675
511217,450,2600,5560.556
511217,500,2600,6172.434
511217,50,2700,680.178
511217,100,2700,1350.050
511217,150,2700,2017.220
511217,200,2700,2681.560
511217,250,2700,3346.146
511217,300,2700,4009.426
511217,350,2700,4672.662
511217,400,2700,5333.641
511217,450,2700,5995.735
511217,500,2700,6659.420
511217,50,2800,731.912
511217,100,2800,1452.267
511217,150,2800,2168.597
511217,200,2800,2883.917
511217,250,2800,3598.594
511217,300,2800,4313.378
511217,350,2800,5024.084
511217,400,2800,5737.583
511217,450,2800,6448.886
511217,500,2800,7161.513
511217,50,2900,784.876
511217,100,2900,1557.761
511217,150,2900,2326.655
511217,200,2900,3094.672
511217,250,2900,3861.515
511217,300,2900,4624.646
511217,350,2900,5390.776
511217,400,2900,6154.119
511217,450,2900,6919.836
511217,500,2900,7684.373
511217,50,3000,840.695
511217,100,3000,1667.958
511217,150,3000,2491.275
511217,200,3000,3312.932
511217,250,3000,4131.955
511217,300,3000,4952.473
511217,350,3000,5770.766
511217,400,3000,6589.494
511217,450,3000,7407.732
511217,500,3000,8222.894
511217,50,3100,897.058
511217,100,3100,1779.912
511217,150,3100,2660.027
511217,200,3100,3536.972
511217,250,3100,4411.239
511217,300,3100,5286.903
511217,350,3100,6158.301
511217,400,3100,7033.231
511217,450,3100,7908.626
511217,500,3100,8782.277
511217,50,3200,957.799
511217,100,3200,1899.488
511217,150,3200,2835.930
511217,200,3200,3771.164
511217,250,3200,4705.564
511217,300,3200,5637.208
511217,350,3200,6567.138
511217,400,3200,7498.864
511217,450,3200,8430.314
511217,500,3200,9358.904
511217,50,3300,1016.570
511217,100,3300,2017.488
511217,150,3300,3013.852
511217,200,3300,4007.299
511217,250,3300,4998.517
511217,300,3300,5989.146
511217,350,3300,6978.702
511217,400,3300,7969.053
511217,450,3300,8956.515
511217,500,3300,9946.294
511217,50,3400,1078.290
511217,100,3400,2140.254
511217,150,3400,3196.591
511217,200,3400,4251.359
511217,250,3400,5305.436
511217,300,3400,6354.595
511217,350,3400,7406.658
511217,400,3400,8461.194
511217,450,3400,9506.798
511217,500,3400,10557.972
511217,50,3500,1142.896
511217,100,3500,2267.881
511217,150,3500,3389.042
511217,200,3500,4505.006
511217,250,3500,5622.298
511217,300,3500,6736.594
511217,350,3500,7848.928
511217,400,3500,8962.559
511217,450,3500,10076.569
511217,500,3500,11186.374
511217,50,3600,1209.342
511217,100,3600,2399.676
511217,150,3600,3585.008
511217,200,3600,4766.508
511217,250,3600,5948.938
511217,300,3600,7126.650
511217,350,3600,8304.119
511217,400,3600,9485.771
511217,450,3600,10661.265
511217,500,3600,11836.999
511217,50,3700,1277.299
511217,100,3700,2535.248
511217,150,3700,3787.517
511217,200,3700,5035.162
511217,250,3700,6283.991
511217,300,3700,7530.434
511217,350,3700,8775.078
511217,400,3700,10016.165
511217,450,3700,11261.375
511217,500,3700,12503.400
511217,50,3800,1346.718
511217,100,3800,2673.460
511217,150,3800,3995.814
511217,200,3800,5313.279
511217,250,3800,6626.412
511217,300,3800,7941.420
511217,350,3800,9251.565
511217,400,3800,10564.151
511217,450,3800,11881.219
511217,500,3800,13187.844
511217,50,3900,1419.105
511217,100,3900,2815.483
511217,150,3900,4207.795
511217,200,3900,5594.529
511217,250,3900,6980.501
511217,300,3900,8364.975
511217,350,3900,9745.432
511217,400,3900,11126.652
511217,450,3900,12513.484
511217,500,3900,13891.870
511217,50,4000,1496.388
511217,100,4000,2967.317
511217,150,4000,4432.191
511217,200,4000,5892.232
511217,250,4000,7348.648
511217,300,4000,8811.320
511217,350,4000,10263.530
511217,400,4000,11717.003
511217,450,4000,13170.289
511217,500,4000,14629.070
511217,50,4100,1567.774
511217,100,4100,3110.902
511217,150,4100,4649.845
511217,200,4100,6181.523
511217,250,4100,7712.393
511217,300,4100,9244.338
511217,350,4100,10772.285
511217,400,4100,12299.255
511217,450,4100,13821.728
511217,500,4100,15351.514
511217,50,4200,1645.365
511217,100,4200,3265.203
511217,150,4200,4878.348
511217,200,4200,6487.646
511217,250,4200,8092.693
511217,300,4200,9699.404
511217,350,4200,11301.166
511217,400,4200,12905.643
511217,450,4200,14507.164
511217,500,4200,16108.186
511217,50,4300,1724.957
511217,100,4300,3422.579
511217,150,4300,5110.793
511217,200,4300,6798.755
511217,250,4300,8482.254
511217,300,4300,10165.555
511217,350,4300,11847.718
511217,400,4300,13530.495
511217,450,4300,15210.157
511217,500,4300,16875.047
511217,50,4400,1806.728
511217,100,4400,3585.104
511217,150,4400,5354.858
511217,200,4400,7119.970
511217,250,4400,8884.760
511217,300,4400,10648.140
511217,350,4400,12406.429
511217,400,4400,14172.101
511217,450,4400,15926.188
511217,500,4400,17685.391
511217,50,4500,1890.137
511217,100,4500,3751.253
511217,150,4500,5603.251
511217,200,4500,7452.120
511217,250,4500,9295.819
511217,300,4500,11139.828
511217,350,4500,12983.283
511217,400,4500,14820.770
511217,450,4500,16661.721
511217,500,4500,18488.971
511217,50,4600,1973.665
511217,100,4600,3917.684
511217,150,4600,5850.051
511217,200,4600,7781.763
511217,250,4600,9706.429
511217,300,4600,11627.835
511217,350,4600,13553.293
511217,400,4600,15478.636
511217,450,4600,17403.529
511217,500,4600,19319.623
511217,50,4700,2060.945
511217,100,4700,4088.663
511217,150,4700,6108.134
511217,200,4700,8125.814
511217,250,4700,10136.051
511217,300,4700,12140.459
511217,350,4700,14156.482
511217,400,4700,16164.729
511217,450,4700,18171.557
511217,500,4700,20173.934
511217,50,4800,2155.684
511217,100,4800,4273.229
511217,150,4800,6379.603
511217,200,4800,8484.416
511217,250,4800,10583.296
511217,300,4800,12680.783
511217,350,4800,14778.596
511217,400,4800,16874.143
511217,450,4800,18963.275
511217,500,4800,21055.521
511217,50,4900,2240.101
511217,100,4900,4446.682
511217,150,4900,6639.811
511217,200,4900,8830.948
511217,250,4900,11015.428
511217,300,4900,13201.266
511217,350,4900,15384.955
511217,400,4900,17567.709
511217,450,4900,19751.854
511217,500,4900,21924.025
511217,50,5000,2331.225
511217,100,5000,4627.146
511217,150,5000,6912.473
511217,200,5000,9193.479
511217,250,5000,11473.153
511217,300,5000,13745.474
511217,350,5000,16017.747
511217,400,5000,18286.340
511217,450,5000,20555.648
511217,500,5000,22830.074
511217,50,5100,2425.360
511217,100,5100,4814.624
511217,150,5100,7193.104
511217,200,5100,9564.196
511217,250,5100,11932.053
511217,300,5100,14297.209
511217,350,5100,16668.160
511217,400,5100,19028.061
511217,450,5100,21380.100
511217,500,5100,23750.693
511217,50,5200,2523.508
511217,100,5200,5004.866
511217,150,5200,7478.173
511217,200,5200,9946.170
511217,250,5200,12408.831
511217,300,5200,14869.942
511217,350,5200,17327.859
511217,400,5200,19788.686
511217,450,5200,22248.072
511217,500,5200,24692.939
511217,50,5300,2620.167
511217,100,5300,5200.803
511217,150,5300,7770.406
511217,200,5300,10332.703
511217,250,5300,12888.878
511217,300,5300,15444.788
511217,350,5300,17997.801
511217,400,5300,20550.660
511217,450,5300,23101.723
511217,500,5300,25649.834
511217,50,5400,2719.709
511217,100,5400,5396.341
511217,150,5400,8061.541
511217,200,5400,10724.803
511217,250,5400,13377.102
511217,300,5400,16037.073
511217,350,5400,18682.504
511217,400,5400,21337.801
511217,450,5400,23984.475
511217,500,5400,26635.576
511217,50,5500,2822.673
511217,100,5500,5599.361
511217,150,5500,8365.618
511217,200,5500,11126.766
511217,250,5500,13884.494
511217,300,5500,16636.037
511217,350,5500,19382.816
511217,400,5500,22129.797
511217,450,5500,24883.213
511217,500,5500,27629.246
511217,50,5600,2931.960
511217,100,5600,5812.364
511217,150,5600,8680.614
511217,200,5600,11543.680
511217,250,5600,14397.558
511217,300,5600,17254.871
511217,350,5600,20112.146
511217,400,5600,22959.902
511217,450,5600,25807.051
511217,500,5600,28653.723
511217,50,5700,3030.758
511217,100,5700,6014.685
511217,150,5700,8983.628
511217,200,5700,11945.485
511217,250,5700,14906.687
511217,300,5700,17860.305
511217,350,5700,20819.383
511217,400,5700,23772.275
511217,450,5700,26721.168
511217,500,5700,29662.748
511217,50,5800,3136.036
511217,100,5800,6226.623
511217,150,5800,9302.447
511217,200,5800,12367.438
511217,250,5800,15432.422
511217,300,5800,18485.826
511217,350,5800,21556.119
511217,400,5800,24600.734
511217,450,5800,27663.941
511217,500,5800,30716.857
511217,50,5900,3246.501
511217,100,5900,6442.114
511217,150,5900,9624.325
511217,200,5900,12799.689
511217,250,5900,15964.317
511217,300,5900,19137.799
511217,350,5900,22300.203
511217,400,5900,25457.605
511217,450,5900,28618.842
511217,500,5900,31780.627
511217,50,6000,3360.073
511217,100,6000,6667.436
511217,150,6000,9960.017
511217,200,6000,13245.487
511217,250,6000,16525.723
511217,300,6000,19804.766
511217,350,6000,23077.082
511217,400,6000,26346.100
511217,450,6000,29611.395
511217,500,6000,32891.773
511217,50,6100,3470.211
511217,100,6100,6885.076
511217,150,6100,10288.475
511217,200,6100,13680.915
511217,250,6100,17069.209
511217,300,6100,20454.609
511217,350,6100,23834.463
511217,400,6100,27219.646
511217,450,6100,30597.732
511217,500,6100,33968.316
511217,50,6200,3584.116
511217,100,6200,7113.549
511217,150,6200,10625.748
511217,200,6200,14134.549
511217,250,6200,17637.463
511217,300,6200,21135.100
511217,350,6200,24627.367
511217,400,6200,28118.863
511217,450,6200,31611.516
511217,500,6200,35110.578
511217,50,6300,3701.526
511217,100,6300,7345.594
511217,150,6300,10974.436
511217,200,6300,14593.077
511217,250,6300,18203.721
511217,300,6300,21816.836
511217,350,6300,25427.373
511217,400,6300,29031.697
511217,450,6300,32635.664
511217,500,6300,36244.344
511217,50,6400,3829.962
511217,100,6400,7594.998
511217,150,6400,11340.483
511217,200,6400,15082.103
511217,250,6400,18811.482
511217,300,6400,22540.047
511217,350,6400,26261.486
511217,400,6400,29990.381
511217,450,6400,33720.480
511217,500,6400,37421.098
511217,50,6500,3940.415
511217,100,6500,7818.818
511217,150,6500,11678.696
511217,200,6500,15533.966
511217,250,6500,19380.830
511217,300,6500,23227.328
511217,350,6500,27067.867
511217,400,6500,30908.232
511217,450,6500,34738.820
511217,500,6500,38575.355
511217,50,6600,4062.548
511217,100,6600,8061.531
511217,150,6600,12041.743
511217,200,6600,16011.638
511217,250,6600,19980.045
511217,300,6600,23952.914
511217,350,6600,27911.957
511217,400,6600,31870.879
511217,450,6600,35812.832
511217,500,6600,39764.766
511217,50,6700,4185.484
511217,100,6700,8306.455
511217,150,6700,12412.430
511217,200,6700,16503.617
511217,250,6700,20595.848
511217,300,6700,24678.832
511217,350,6700,28759.994
511217,400,6700,32836.008
511217,450,6700,36913.445
511217,500,6700,40998.844
511217,50,6800,4316.176
511217,100,6800,8562.076
511217,150,6800,12789.334
511217,200,6800,17008.865
511217,250,6800,21221.404
511217,300,6800,25429.398
511217,350,6800,29644.363
511217,400,6800,33845.898
511217,450,6800,38034.379
511217,500,6800,42221.590
511217,50,6900,4439.833
511217,100,6900,8811.272
511217,150,6900,13164.352
511217,200,6900,17505.887
511217,250,6900,21846.066
511217,300,6900,26171.348
511217,350,6900,30504.916
511217,400,6900,34822.293
511217,450,6900,39155.984
511217,500,6900,43480.000
511217,50,7000,4569.090
511217,100,7000,9067.719
511217,150,7000,13552.197
511217,200,7000,18023.467
511217,250,7000,22480.436
511217,300,7000,26939.908
511217,350,7000,31401.316
511217,400,7000,35839.285
511217,450,7000,40288.230
511217,500,7000,44738.574
511217,50,7100,4700.079
511217,100,7100,9325.454
511217,150,7100,13939.119
511217,200,7100,18536.270
511217,250,7100,23128.818
511217,300,7100,27707.053
511217,350,7100,32298.008
511217,400,7100,36882.836
511217,450,7100,41457.160
511217,500,7100,46025.602
511217,50,7200,4845.083
511217,100,7200,9605.540
511217,150,7200,14345.048
511217,200,7200,19077.057
511217,250,7200,23797.248
511217,300,7200,28517.350
511217,350,7200,33239.414
511217,400,7200,37947.926
511217,450,7200,42657.023
511217,500,7200,47360.852
511217,50,7300,4970.009
511217,100,7300,9862.901
511217,150,7300,14730.899
511217,200,7300,19595.760
511217,250,7300,24445.092
511217,300,7300,29295.025
511217,350,7300,34150.133
511217,400,7300,38987.441
511217,450,7300,43823.137
511217,500,7300,48659.305
511217,50,7400,5106.625
511217,100,7400,10132.632
511217,150,7400,15141.238
511217,200,7400,20140.902
511217,250,7400,25131.182
511217,300,7400,30103.980
511217,350,7400,35079.426
511217,400,7400,40054.930
511217,450,7400,45014.512
511217,500,7400,50019.176
511217,50,7500,5248.247
511217,100,7500,10413.008
511217,150,7500,15557.644
511217,200,7500,20681.904
511217,250,7500,25805.996
511217,300,7500,30933.006
511217,350,7500,36042.996
511217,400,7500,41165.285
511217,450,7500,46261.715
511217,500,7500,51357.520
511217,50,7600,5388.601
511217,100,7600,10690.685
511217,150,7600,15971.676
511217,200,7600,21241.523
511217,250,7600,26502.174
511217,300,7600,31763.861
511217,350,7600,36999.199
511217,400,7600,42257.844
511217,450,7600,47504.977
511217,500,7600,52735.395
511217,50,7700,5529.514
511217,100,7700,10970.697
511217,150,7700,16394.387
511217,200,7700,21797.838
511217,250,7700,27198.240
511217,300,7700,32602.973
511217,350,7700,37979.359
511217,400,7700,43382.434
511217,450,7700,48744.426
511217,500,7700,54142.703
511217,50,7800,5673.480
511217,100,7800,11258.102
511217,150,7800,16820.803
511217,200,7800,22371.596
511217,250,7800,27910.771
511217,300,7800,33436.746
511217,350,7800,38972.434
511217,400,7800,44492.938
511217,450,7800,50028.801
511217,500,7800,55549.980
511217,50,7900,5822.167
511217,100,7900,11547.058
511217,150,7900,17256.061
511217,200,7900,22949.312
511217,250,7900,28641.127
511217,300,7900,34307.109
511217,350,7900,39994.848
511217,400,7900,45651.129
511217,450,7900,51316.824
511217,500,7900,56988.699
511217,50,8000,5979.783
511217,100,8000,11858.638
511217,150,8000,17710.283
511217,200,8000,23545.227
511217,250,8000,29377.789
511217,300,8000,35209.840
511217,350,8000,41039.504
511217,400,8000,46831.332
511217,450,8000,52654.375
511217,500,8000,58461.973
511217,50,8100,6119.764
511217,100,8100,12141.396
511217,150,8100,18138.896
511217,200,8100,24119.531
511217,250,8100,30104.500
511217,300,8100,36065.191
511217,350,8100,42023.715
511217,400,8100,47978.043
511217,450,8100,53945.457
511217,500,8100,59897.156
511217,50,8200,6267.447
511217,100,8200,12439.973
511217,150,8200,18586.902
511217,200,8200,24715.572
511217,250,8200,30838.713
511217,300,8200,36961.629
511217,350,8200,43076.602
511217,400,8200,49173.793
511217,450,8200,55287.914
511217,500,8200,61389.734
511217,50,8300,6422.544
511217,100,8300,12748.587
511217,150,8300,19043.293
511217,200,8300,25330.672
511217,250,8300,31606.904
511217,300,8300,37867.938
511217,350,8300,44125.676
511217,400,8300,50370.703
511217,450,8300,56625.289
511217,500,8300,62904.848
511217,50,8400,6582.141
511217,100,8400,13060.821
511217,150,8400,19506.689
511217,200,8400,25955.172
511217,250,8400,32371.812
511217,300,8400,38808.316
511217,350,8400,45207.328
511217,400,8400,51618.125
511217,450,8400,58019.602
511217,500,8400,64422.918
511217,50,8500,6738.339
511217,100,8500,13372.128
511217,150,8500,19976.289
511217,200,8500,26568.477
511217,250,8500,33148.227
511217,300,8500,39720.414
511217,350,8500,46292.406
511217,400,8500,52854.750
511217,450,8500,59402.469
511217,500,8500,65991.516
511217,50,8600,6895.075
511217,100,8600,13683.705
511217,150,8600,20447.053
511217,200,8600,27191.250
511217,250,8600,33934.445
511217,300,8600,40649.055
511217,350,8600,47363.156
511217,400,8600,54094.348
511217,450,8600,60815.367
511217,500,8600,67541.812
511217,50,8700,7058.947
511217,100,8700,14003.141
511217,150,8700,20925.465
511217,200,8700,27827.006
511217,250,8700,34725.133
511217,300,8700,41608.805
511217,350,8700,48492.289
511217,400,8700,55365.969
511217,450,8700,62223.160
511217,500,8700,69080.586
511217,50,8800,7239.895
511217,100,8800,14352.322
511217,150,8800,21441.088
511217,200,8800,28509.539
511217,250,8800,35568.418
511217,300,8800,42609.477
511217,350,8800,49654.223
511217,400,8800,56691.047
511217,450,8800,63730.633
511217,500,8800,70763.977
511217,50,8900,7387.122
511217,100,8900,14655.078
511217,150,8900,21896.373
511217,200,8900,29132.176
511217,250,8900,36344.777
511217,300,8900,43545.930
511217,350,8900,50740.082
511217,400,8900,57944.594
511217,450,8900,65125.125
511217,500,8900,72319.766
511217,50,9000,7558.198
511217,100,9000,14994.650
511217,150,9000,22398.885
511217,200,9000,29792.689
511217,250,9000,37170.176
511217,300,9000,44538.590
511217,350,9000,51902.570
511217,400,9000,59265.355
511217,450,9000,66618.641
511217,500,9000,73971.844
511217,50,9100,7724.518
511217,100,9100,15323.112
511217,150,9100,22889.570
511217,200,9100,30451.555
511217,250,9100,37980.098
511217,300,9100,45519.164
511217,350,9100,53051.402
511217,400,9100,60580.168
511217,450,9100,68093.438
511217,500,9100,75613.039
511217,50,9200,7894.004
511217,100,9200,15662.647
511217,150,9200,23401.094
511217,200,9200,31123.445
511217,250,9200,38835.000
511217,300,9200,46536.699
511217,350,9200,54224.840
511217,400,9200,61913.512
511217,450,9200,69600.352
511217,500,9200,77278.633
511217,50,9300,8066.949
511217,100,9300,16005.179
511217,150,9300,23914.064
511217,200,9300,31794.480
511217,250,9300,39672.055
511217,300,9300,47548.859
511217,350,9300,55428.738
511217,400,9300,63265.824
511217,450,9300,71127.586
511217,500,9300,78976.047
511217,50,9400,8239.673
511217,100,9400,16350.910
511217,150,9400,24433.293
511217,200,9400,32499.832
511217,250,9400,40539.906
511217,300,9400,48588.840
511217,350,9400,56622.008
511217,400,9400,64654.688
511217,450,9400,72674.266
511217,500,9400,80657.484
511217,50,9500,8416.256
511217,100,9500,16701.939
511217,150,9500,24956.453
511217,200,9500,33189.574
511217,250,9500,41412.293
511217,300,9500,49602.434
511217,350,9500,57820.547
511217,400,9500,66016.406
511217,450,9500,74202.906
511217,500,9500,82408.969
511217,50,9600,8624.758
511217,100,9600,17095.297
511217,150,9600,25532.438
511217,200,9600,33936.527
511217,250,9600,42330.605
511217,300,9600,50712.324
511217,350,9600,59082.285
511217,400,9600,67465.820
511217,450,9600,75844.945
511217,500,9600,84218.578
511217,50,9700,8774.918
511217,100,9700,17425.055
511217,150,9700,26035.959
511217,200,9700,34616.355
511217,250,9700,43170.391
511217,300,9700,51736.023
511217,350,9700,60289.402
511217,400,9700,68852.570
511217,450,9700,77356.484
511217,500,9700,85889.641
511217,50,9800,8955.438
511217,100,9800,17772.803
511217,150,9800,26562.826
511217,200,9800,35323.332
511217,250,9800,44054.691
511217,300,9800,52794.621
511217,350,9800,61547.047
511217,400,9800,70271.422
511217,450,9800,78976.078
511217,500,9800,87678.391
511217,50,9900,9137.757
511217,100,9900,18131.660
511217,150,9900,27086.986
511217,200,9900,36025.340
511217,250,9900,44967.469
511217,300,9900,53873.629
511217,350,9900,62791.559
511217,400,9900,71674.820
511217,450,9900,80578.695
511217,500,9900,89457.023
511217,50,10000,9325.617
511217,100,10000,18511.289
511217,150,10000,27649.463
511217,200,10000,36763.016
511217,250,10000,45871.465
511217,300,10000,54976.090
511217,350,10000,64083.652
511217,400,10000,73123.547
511217,450,10000,82211.734
511217,500,10000,91297.953
511217,50,100,2.079
511217,100,100,4.095
511217,150,100,6.046
511217,200,100,7.972
511217,250,100,9.874
511217,300,100,11.912
511217,350,100,13.817
511217,400,100,15.817
511217,450,100,17.808
511217,500,100,19.708
511217,50,200,5.214
511217,100,200,10.268
511217,150,200,15.307
511217,200,200,20.296
511217,250,200,25.313
511217,300,200,30.396
511217,350,200,35.582
511217,400,200,40.414
511217,450,200,45.431
511217,500,200,50.460
511217,50,300,9.633
511217,100,300,19.081
511217,150,300,28.535
511217,200,300,37.976
511217,250,300,47.379
511217,300,300,56.640
511217,350,300,66.186
511217,400,300,75.495
511217,450,300,84.810
511217,500,300,94.201
511217,50,400,16.248
511217,100,400,32.214
511217,150,400,48.021
511217,200,400,63.920
511217,250,400,79.673
511217,300,400,95.600
511217,350,400,111.187
511217,400,400,127.102
511217,450,400,142.853
511217,500,400,158.491
511217,50,500,24.625
511217,100,500,48.734
511217,150,500,72.883
511217,200,500,96.872
511217,250,500,120.953
511217,300,500,144.806
511217,350,500,168.848
511217,400,500,192.954
511217,450,500,216.735
511217,500,500,240.630
511217,50,600,35.084
511217,100,600,69.551
511217,150,600,103.861
511217,200,600,138.254
511217,250,600,172.398
511217,300,600,206.717
511217,350,600,241.015
511217,400,600,274.801
511217,450,600,309.166
511217,500,600,342.940
511217,50,700,47.224
511217,100,700,93.709
511217,150,700,139.957
511217,200,700,186.208
511217,250,700,232.384
511217,300,700,278.467
511217,350,700,324.504
511217,400,700,370.409
511217,450,700,416.547
511217,500,700,462.601
511217,50,800,61.442
511217,100,800,121.812
511217,150,800,181.843
511217,200,800,241.753
511217,250,800,301.487
511217,300,800,360.905
511217,350,800,420.555
511217,400,800,480.495
511217,450,800,539.595
511217,500,800,599.613
511217,50,900,76.854
511217,100,900,152.618
511217,150,900,228.055
511217,200,900,303.407
511217,250,900,378.420
511217,300,900,453.545
511217,350,900,528.321
511217,400,900,602.950
511217,450,900,677.898
511217,500,900,752.729
511217,50,1000,94.305
511217,100,1000,187.046
511217,150,1000,279.276
511217,200,1000,371.455
511217,250,1000,463.585
511217,300,1000,555.283
511217,350,1000,646.961
511217,400,1000,738.755
511217,450,1000,830.541
511217,500,1000,922.305
511217,50,1100,113.664
511217,100,1100,225.641
511217,150,1100,337.136
511217,200,1100,448.341
511217,250,1100,559.446
511217,300,1100,670.456
511217,350,1100,780.811
511217,400,1100,891.609
511217,450,1100,1002.584
511217,500,1100,1112.955
511217,50,1200,135.264
511217,100,1200,268.371
511217,150,1200,400.804
511217,200,1200,533.112
511217,250,1200,665.259
511217,300,1200,797.333
511217,350,1200,928.641
511217,400,1200,1060.168
511217,450,1200,1192.315
511217,500,1200,1323.662
511217,50,1300,158.655
511217,100,1300,314.976
511217,150,1300,470.349
511217,200,1300,625.517
511217,250,1300,780.074
511217,300,1300,934.401
511217,350,1300,1089.121
511217,400,1300,1243.906
511217,450,1300,1398.114
511217,500,1300,1552.707
511217,50,1400,183.709
511217,100,1400,364.639
511217,150,1400,545.070
511217,200,1400,724.255
511217,250,1400,904.212
511217,300,1400,1083.287
511217,350,1400,1262.380
511217,400,1400,1440.822
511217,450,1400,1620.033
511217,500,1400,1798.010
511217,50,1500,211.055
511217,100,1500,418.842
511217,150,1500,625.747
511217,200,1500,831.827
511217,250,1500,1038.794
511217,300,1500,1244.226
511217,350,1500,1449.721
511217,400,1500,1655.072
511217,450,1500,1860.150
511217,500,1500,2064.896
511217,50,1600,240.374
511217,100,1600,476.448
511217,150,1600,712.079
511217,200,1600,946.922
511217,250,1600,1180.914
511217,300,1600,1415.075
511217,350,1600,1648.655
511217,400,1600,1882.997
511217,450,1600,2120.860
511217,500,1600,2350.067
511217,50,1700,270.390
511217,100,1700,536.384
511217,150,1700,801.346
511217,200,1700,1065.190
511217,250,1700,1329.635
511217,300,1700,1592.879
511217,350,1700,1856.359
511217,400,1700,2118.897
511217,450,1700,2382.517
511217,500,1700,2646.045
511217,50,1800,302.425
511217,100,1800,600.169
511217,150,1800,896.769
511217,200,1800,1192.532
511217,250,1800,1487.550
511217,300,1800,1782.749
511217,350,1800,2078.006
511217,400,1800,2372.781
511217,450,1800,2667.252
511217,500,1800,2959.543
511217,50,1900,337.234
511217,100,1900,668.874
511217,150,1900,999.720
511217,200,1900,1329.502
511217,250,1900,1658.405
511217,300,1900,1986.507
511217,350,1900,2315.244
511217,400,1900,2643.111
511217,450,1900,2972.413
511217,500,1900,3300.131
511217,50,2000,373.692
511217,100,2000,741.439
511217,150,2000,1107.801
511217,200,2000,1473.031
511217,250,2000,1838.182
511217,300,2000,2202.291
511217,350,2000,2565.470
511217,400,2000,2928.683
511217,450,2000,3292.835
511217,500,2000,3656.267
511217,50,2100,411.987
511217,100,2100,817.738
511217,150,2100,1221.276
511217,200,2100,1624.484
511217,250,2100,2026.329
511217,300,2100,2428.537
511217,350,2100,2828.034
511217,400,2100,3230.665
511217,450,2100,3630.835
511217,500,2100,4032.370
511217,50,2200,451.886
511217,100,2200,897.173
511217,150,2200,1339.908
511217,200,2200,1782.900
511217,250,2200,2224.284
511217,300,2200,2664.657
511217,350,2200,3104.839
511217,400,2200,3542.525
511217,450,2200,3984.853
511217,500,2200,4424.076
511217,50,2300,494.057
511217,100,2300,980.726
511217,150,2300,1465.429
511217,200,2300,1948.926
511217,250,2300,2430.725
511217,300,2300,2913.905
511217,350,2300,3394.179
511217,400,2300,3875.759
511217,450,2300,4356.661
511217,500,2300,4837.945
511217,50,2400,539.023
511217,100,2400,1068.956
511217,150,2400,1596.892
511217,200,2400,2122.463
511217,250,2400,2648.026
511217,300,2400,3173.418
511217,350,2400,3697.320
511217,400,2400,4221.673
511217,450,2400,4745.575
511217,500,2400,5267.536
511217,50,2500,583.260
511217,100,2500,1157.649
511217,150,2500,1729.780
511217,200,2500,2300.028
511217,250,2500,2870.249
511217,300,2500,3437.590
511217,350,2500,4006.986
511217,400,2500,4574.429
511217,450,2500,5141.973
511217,500,2500,5708.315
511217,50,2600,630.572
511217,100,2600,1251.875
511217,150,2600,1869.472
511217,200,2600,2486.189
511217,250,2600,3100.524
511217,300,2600,3715.906
511217,350,2600,4331.367
511217,400,2600,4946.845
511217,450,2600,5557.081
511217,500,2600,6172.771
511217,50,2700,680.581
511217,100,2700,1349.894
511217,150,2700,2017.649
511217,200,2700,2682.242
511217,250,2700,3346.701
511217,300,2700,4008.216
511217,350,2700,4673.301
511217,400,2700,5334.788
511217,450,2700,5996.845
511217,500,2700,6657.899
511217,50,2800,731.876
511217,100,2800,1452.449
511217,150,2800,2170.070
511217,200,2800,2885.451
511217,250,2800,3599.083
511217,300,2800,4312.688
511217,350,2800,5024.279
511217,400,2800,5738.955
511217,450,2800,6450.702
511217,500,2800,7160.963
511217,50,2900,785.324
511217,100,2900,1558.539
511217,150,2900,2327.336
511217,200,2900,3094.965
511217,250,2900,3861.543
511217,300,2900,4627.638
511217,350,2900,5392.069
511217,400,2900,6155.236
511217,450,2900,6919.869
511217,500,2900,7684.764
511217,50,3000,840.284
511217,100,3000,1668.414
511217,150,3000,2490.953
511217,200,3000,3313.790
511217,250,3000,4134.230
511217,300,3000,4953.549
511217,350,3000,5771.883
511217,400,3000,6590.350
511217,450,3000,7409.990
511217,500,3000,8223.989
511217,50,3100,897.241
511217,100,3100,1780.154
511217,150,3100,2659.098
511217,200,3100,3537.095
511217,250,3100,4411.583
511217,300,3100,5288.384
511217,350,3100,6161.900
511217,400,3100,7034.145
511217,450,3100,7907.327
511217,500,3100,8779.673
511217,50,3200,957.763
511217,100,3200,1899.692
511217,150,3200,2838.062
511217,200,3200,3772.574
511217,250,3200,4706.122
511217,300,3200,5638.796
511217,350,3200,6572.935
511217,400,3200,7501.277
511217,450,3200,8430.942
511217,500,3200,9362.542
511217,50,3300,1016.762
511217,100,3300,2017.449
511217,150,3300,3013.778
511217,200,3300,4007.362
511217,250,3300,4998.685
511217,300,3300,5990.318
511217,350,3300,6981.569
511217,400,3300,7969.372
511217,450,3300,8960.470
511217,500,3300,9948.329
511217,50,3400,1078.486
511217,100,3400,2140.686
511217,150,3400,3198.437
511217,200,3400,4252.341
511217,250,3400,5306.595
511217,300,3400,6358.571
511217,350,3400,7407.305
511217,400,3400,8460.634
511217,450,3400,9507.670
511217,500,3400,10556.624
511217,50,3500,1143.129
511217,100,3500,2268.274
511217,150,3500,3389.053
511217,200,3500,4505.559
511217,250,3500,5621.962
511217,300,3500,6737.627
511217,350,3500,7849.895
511217,400,3500,8963.647
511217,450,3500,10076.054
511217,500,3500,11185.512
511217,50,3600,1209.518
511217,100,3600,2399.695
511217,150,3600,3584.863
511217,200,3600,4767.147
511217,250,3600,5948.056
511217,300,3600,7126.696
511217,350,3600,8308.232
511217,400,3600,9482.958
511217,450,3600,10659.978
511217,500,3600,11834.343
511217,50,3700,1277.601
511217,100,3700,2534.768
511217,150,3700,3788.054
511217,200,3700,5035.221
511217,250,3700,6284.388
511217,300,3700,7529.675
511217,350,3700,8774.270
511217,400,3700,10016.810
511217,450,3700,11262.383
511217,500,3700,12508.516
511217,50,3800,1347.062
511217,100,3800,2673.146
511217,150,3800,3994.780
511217,200,3800,5312.475
511217,250,3800,6627.531
511217,300,3800,7942.565
511217,350,3800,9256.422
511217,400,3800,10569.312
511217,450,3800,11879.675
511217,500,3800,13189.457
511217,50,3900,1418.941
511217,100,3900,2816.496
511217,150,3900,4208.563
511217,200,3900,5594.932
511217,250,3900,6981.252
511217,300,3900,8366.706
511217,350,3900,9751.859
511217,400,3900,11125.054
511217,450,3900,12511.493
511217,500,3900,13892.673
511217,50,4000,1496.060
511217,100,4000,2968.009
511217,150,4000,4432.257
511217,200,4000,5894.010
511217,250,4000,7352.116
511217,300,4000,8809.162
511217,350,4000,10262.973
511217,400,4000,11719.142
511217,450,4000,13172.297
511217,500,4000,14625.262
511217,50,4100,1567.962
511217,100,4100,3112.442
511217,150,4100,4646.707
511217,200,4100,6181.531
511217,250,4100,7713.183
511217,300,4100,9243.762
511217,350,4100,10772.405
511217,400,4100,12299.487
511217,450,4100,13824.976
511217,500,4100,15357.729
511217,50,4200,1645.738
511217,100,4200,3264.425
511217,150,4200,4878.617
511217,200,4200,6488.259
511217,250,4200,8094.876
511217,300,4200,9698.435
511217,350,4200,11305.435
511217,400,4200,12906.361
511217,450,4200,14506.559
511217,500,4200,16111.140
511217,50,4300,1724.358
511217,100,4300,3422.494
511217,150,4300,5114.120
511217,200,4300,6799.056
511217,250,4300,8483.393
511217,300,4300,10162.953
511217,350,4300,11850.628
511217,400,4300,13529.679
511217,450,4300,15207.426
511217,500,4300,16884.920
511217,50,4400,1806.916
511217,100,4400,3585.797
511217,150,4400,5357.670
511217,200,4400,7123.821
511217,250,4400,8884.873
511217,300,4400,10650.560
511217,350,4400,12412.153
511217,400,4400,14171.675
511217,450,4400,15926.781
511217,500,4400,17683.074
511217,50,4500,1891.377
511217,100,4500,3751.405
511217,150,4500,5604.345
511217,200,4500,7453.062
511217,250,4500,9296.388
511217,300,4500,11140.315
511217,350,4500,12977.667
511217,400,4500,14823.720
511217,450,4500,16658.922
511217,500,4500,18500.236
511217,50,4600,1973.919
511217,100,4600,3917.010
511217,150,4600,5852.542
511217,200,4600,7783.376
511217,250,4600,9708.666
511217,300,4600,11634.229
511217,350,4600,13562.215
511217,400,4600,15487.049
511217,450,4600,17409.895
511217,500,4600,19329.691
511217,50,4700,2061.481
511217,100,4700,4090.908
511217,150,4700,6110.057
511217,200,4700,8128.099
511217,250,4700,10140.334
511217,300,4700,12150.462
511217,350,4700,14158.225
511217,400,4700,16164.376
511217,450,4700,18172.227
511217,500,4700,20179.893
511217,50,4800,2155.782
511217,100,4800,4272.968
511217,150,4800,6381.132
511217,200,4800,8485.886
511217,250,4800,10584.561
511217,300,4800,12683.117
511217,350,4800,14781.964
511217,400,4800,16876.385
511217,450,4800,18972.592
511217,500,4800,21050.889
511217,50,4900,2241.089
511217,100,4900,4446.041
511217,150,4900,6643.438
511217,200,4900,8832.182
511217,250,4900,11022.603
511217,300,4900,13205.971
511217,350,4900,15384.286
511217,400,4900,17568.760
511217,450,4900,19749.709
511217,500,4900,21934.248
511217,50,5000,2331.570
511217,100,5000,4626.791
511217,150,5000,6912.611
511217,200,5000,9194.521
511217,250,5000,11469.926
511217,300,5000,13743.673
511217,350,5000,16017.956
511217,400,5000,18290.018
511217,450,5000,20561.133
511217,500,5000,22837.947
511217,50,5100,2426.012
511217,100,5100,4813.215
511217,150,5100,7192.080
511217,200,5100,9563.454
511217,250,5100,11931.457
511217,300,5100,14299.990
511217,350,5100,16669.941
511217,400,5100,19027.391
511217,450,5100,21385.256
511217,500,5100,23757.264
511217,50,5200,2523.282
511217,100,5200,5007.322
511217,150,5200,7478.820
511217,200,5200,9949.283
511217,250,5200,12411.133
511217,300,5200,14869.398
511217,350,5200,17333.953
511217,400,5200,19788.100
511217,450,5200,22248.826
511217,500,5200,24702.143
511217,50,5300,2620.995
511217,100,5300,5200.881
511217,150,5300,7770.167
511217,200,5300,10333.402
511217,250,5300,12890.644
511217,300,5300,15451.188
511217,350,5300,18006.738
511217,400,5300,20552.709
511217,450,5300,23114.006
511217,500,5300,25672.121
511217,50,5400,2720.525
511217,100,5400,5396.822
511217,150,5400,8064.829
511217,200,5400,10725.859
511217,250,5400,13379.235
511217,300,5400,16036.608
511217,350,5400,18692.115
511217,400,5400,21333.000
511217,450,5400,23979.812
511217,500,5400,26639.336
511217,50,5500,2822.861
511217,100,5500,5600.523
511217,150,5500,8367.292
511217,200,5500,11127.973
511217,250,5500,13880.315
511217,300,5500,16633.668
511217,350,5500,19378.520
511217,400,5500,22135.316
511217,450,5500,24879.607
511217,500,5500,27633.650
511217,50,5600,2931.757
511217,100,5600,5813.343
511217,150,5600,8683.459
511217,200,5600,11544.835
511217,250,5600,14406.837
511217,300,5600,17257.602
511217,350,5600,20107.469
511217,400,5600,22964.273
511217,450,5600,25812.992
511217,500,5600,28662.023
511217,50,5700,3030.895
511217,100,5700,6014.941
511217,150,5700,8987.075
511217,200,5700,11953.653
511217,250,5700,14910.120
511217,300,5700,17868.430
511217,350,5700,20825.363
511217,400,5700,23775.754
511217,450,5700,26711.043
511217,500,5700,29673.312
511217,50,5800,3138.173
511217,100,5800,6225.868
511217,150,5800,9301.004
511217,200,5800,12370.145
511217,250,5800,15437.949
511217,300,5800,18499.365
511217,350,5800,21567.691
511217,400,5800,24615.412
511217,450,5800,27677.316
511217,500,5800,30733.836
511217,50,5900,3247.074
511217,100,5900,6444.157
511217,150,5900,9625.504
511217,200,5900,12805.968
511217,250,5900,15978.461
511217,300,5900,19142.064
511217,350,5900,22309.693
511217,400,5900,25472.039
511217,450,5900,28632.678
511217,500,5900,31785.219
511217,50,6000,3361.492
511217,100,6000,6670.270
511217,150,6000,9961.896
511217,200,6000,13246.906
511217,250,6000,16529.670
511217,300,6000,19804.809
511217,350,6000,23088.248
511217,400,6000,26357.463
511217,450,6000,29618.465
511217,500,6000,32893.246
511217,50,6100,3472.711
511217,100,6100,6890.614
511217,150,6100,10292.974
511217,200,6100,13684.194
511217,250,6100,17074.607
511217,300,6100,20465.732
511217,350,6100,23847.432
511217,400,6100,27229.562
511217,450,6100,30615.998
511217,500,6100,33977.203
511217,50,6200,3585.582
511217,100,6200,7116.068
511217,150,6200,10631.922
511217,200,6200,14135.907
511217,250,6200,17637.379
511217,300,6200,21137.105
511217,350,6200,24642.250
511217,400,6200,28124.527
511217,450,6200,31618.336
511217,500,6200,35114.465
511217,50,6300,3702.174
511217,100,6300,7346.156
511217,150,6300,10974.499
511217,200,6300,14596.908
511217,250,6300,18208.113
511217,300,6300,21824.854
511217,350,6300,25434.088
511217,400,6300,29038.260
511217,450,6300,32647.629
511217,500,6300,36239.770
511217,50,6400,3829.891
511217,100,6400,7594.008
511217,150,6400,11346.891
511217,200,6400,15083.310
511217,250,6400,18816.625
511217,300,6400,22547.604
511217,350,6400,26271.932
511217,400,6400,29987.598
511217,450,6400,33710.129
511217,500,6400,37436.812
511217,50,6500,3941.916
511217,100,6500,7821.138
511217,150,6500,11683.774
511217,200,6500,15536.468
511217,250,6500,19385.264
511217,300,6500,23227.852
511217,350,6500,27080.062
511217,400,6500,30911.900
511217,450,6500,34752.723
511217,500,6500,38603.184
511217,50,6600,4062.164
511217,100,6600,8062.633
511217,150,6600,12049.479
511217,200,6600,16022.496
511217,250,6600,19994.045
511217,300,6600,23958.910
511217,350,6600,27922.770
511217,400,6600,31861.961
511217,450,6600,35832.309
511217,500,6600,39773.809
511217,50,6700,4185.917
511217,100,6700,8310.576
511217,150,6700,12419.059
511217,200,6700,16512.893
511217,250,6700,20606.477
511217,300,6700,24691.402
511217,350,6700,28771.078
511217,400,6700,32859.945
511217,450,6700,36921.539
511217,500,6700,41018.875
511217,50,6800,4316.923
511217,100,6800,8565.842
511217,150,6800,12794.711
511217,200,6800,17017.533
511217,250,6800,21231.066
511217,300,6800,25436.787
511217,350,6800,29636.512
511217,400,6800,33834.184
511217,450,6800,38027.586
511217,500,6800,42244.238
511217,50,6900,4441.614
511217,100,6900,8813.185
511217,150,6900,13167.520
511217,200,6900,17508.928
511217,250,6900,21845.061
511217,300,6900,26184.346
511217,350,6900,30500.471
511217,400,6900,34832.500
511217,450,6900,39167.543
511217,500,6900,43491.906
511217,50,7000,4570.037
511217,100,7000,9068.708
511217,150,7000,13547.143
511217,200,7000,18019.521
511217,250,7000,22485.969
511217,300,7000,26946.408
511217,350,7000,31407.105
511217,400,7000,35840.121
511217,450,7000,40309.152
511217,500,7000,44761.938
511217,50,7100,4702.355
511217,100,7100,9330.476
511217,150,7100,13941.111
511217,200,7100,18538.957
511217,250,7100,23126.926
511217,300,7100,27723.365
511217,350,7100,32307.186
511217,400,7100,36882.348
511217,450,7100,41471.891
511217,500,7100,46035.098
511217,50,7200,4845.897
511217,100,7200,9608.597
511217,150,7200,14348.563
511217,200,7200,19080.150
511217,250,7200,23800.863
511217,300,7200,28524.715
511217,350,7200,33227.801
511217,400,7200,37950.480
511217,450,7200,42654.031
511217,500,7200,47364.512
511217,50,7300,4970.216
511217,100,7300,9861.656
511217,150,7300,14738.799
511217,200,7300,19599.254
511217,250,7300,24451.912
511217,300,7300,29301.852
511217,350,7300,34131.305
511217,400,7300,38984.793
511217,450,7300,43827.043
511217,500,7300,48654.926
511217,50,7400,5106.953
511217,100,7400,10133.969
511217,150,7400,15140.290
511217,200,7400,20137.793
511217,250,7400,25124.592
511217,300,7400,30114.715
511217,350,7400,35087.789
511217,400,7400,40057.395
511217,450,7400,45039.004
511217,500,7400,49999.133
511217,50,7500,5247.929
511217,100,7500,10415.222
511217,150,7500,15555.666
511217,200,7500,20689.854
511217,250,7500,25819.852
511217,300,7500,30933.650
511217,350,7500,36050.055
511217,400,7500,41164.461
511217,450,7500,46258.754
511217,500,7500,51361.090
511217,50,7600,5388.825
511217,100,7600,10692.595
511217,150,7600,15974.870
511217,200,7600,21243.027
511217,250,7600,26503.260
511217,300,7600,31760.232
511217,350,7600,37016.855
511217,400,7600,42265.875
511217,450,7600,47503.688
511217,500,7600,52756.582
511217,50,7700,5529.649
511217,100,7700,10970.926
511217,150,7700,16392.502
511217,200,7700,21803.197
511217,250,7700,27198.750
511217,300,7700,32601.561
511217,350,7700,37984.164
511217,400,7700,43358.637
511217,450,7700,48746.219
511217,500,7700,54146.152
511217,50,7800,5672.572
511217,100,7800,11259.723
511217,150,7800,16820.580
511217,200,7800,22370.338
511217,250,7800,27914.482
511217,300,7800,33450.625
511217,350,7800,38974.438
511217,400,7800,44512.711
511217,450,7800,50030.984
511217,500,7800,55540.441
511217,50,7900,5821.539
511217,100,7900,11550.481
511217,150,7900,17259.527
511217,200,7900,22953.598
511217,250,7900,28637.498
511217,300,7900,34301.203
511217,350,7900,39982.965
511217,400,7900,45660.395
511217,450,7900,51324.172
511217,500,7900,56991.824
511217,50,8000,5981.666
511217,100,8000,11859.746
511217,150,8000,17720.174
511217,200,8000,23560.029
511217,250,8000,29397.557
511217,300,8000,35208.309
511217,350,8000,41036.781
511217,400,8000,46850.676
511217,450,8000,52655.605
511217,500,8000,58452.664
511217,50,8100,6117.096
511217,100,8100,12141.836
511217,150,8100,18139.850
511217,200,8100,24127.596
511217,250,8100,30102.047
511217,300,8100,36065.398
511217,350,8100,42036.289
511217,400,8100,47985.070
511217,450,8100,53955.539
511217,500,8100,59892.945
511217,50,8200,6268.216
511217,100,8200,12443.014
511217,150,8200,18592.346
511217,200,8200,24718.943
511217,250,8200,30838.205
511217,300,8200,36966.984
511217,350,8200,43068.285
511217,400,8200,49169.215
511217,450,8200,55290.312
511217,500,8200,61401.246
511217,50,8300,6424.959
511217,100,8300,12747.628
511217,150,8300,19048.379
511217,200,8300,25332.260
511217,250,8300,31594.033
511217,300,8300,37859.359
511217,350,8300,44127.992
511217,400,8300,50375.258
511217,450,8300,56657.055
511217,500,8300,62877.230
511217,50,8400,6582.375
511217,100,8400,13062.765
511217,150,8400,19516.340
511217,200,8400,25953.309
511217,250,8400,32392.645
511217,300,8400,38809.066
511217,350,8400,45228.305
511217,400,8400,51625.867
511217,450,8400,58037.844
511217,500,8400,64428.223
511217,50,8500,6739.187
511217,100,8500,13370.714
511217,150,8500,19970.418
511217,200,8500,26566.967
511217,250,8500,33147.672
511217,300,8500,39733.988
511217,350,8500,46291.938
511217,400,8500,52857.730
511217,450,8500,59421.270
511217,500,8500,65975.055
511217,50,8600,6896.890
511217,100,8600,13686.430
511217,150,8600,20448.447
511217,200,8600,27193.633
511217,250,8600,33924.953
511217,300,8600,40653.234
511217,350,8600,47384.148
