size,iterations,n_threads,time
500,50,1,0.130854
500,50,1,0.13047
500,50,1,0.131215
500,50,1,0.131224
500,50,1,0.138215
500,50,1,0.130876
500,50,1,0.131176
500,50,1,0.143359
500,50,1,0.13122
500,50,1,0.139956
500,50,1,0.131402
500,50,1,0.131372
500,50,1,0.130583
500,50,1,0.130949
500,50,1,0.131256
500,50,1,0.131486
500,50,1,0.136167
500,50,1,0.131174
500,50,1,0.131241
500,50,1,0.130967
1000,50,1,0.529019
1000,50,1,0.523146
1000,50,1,0.532278
1000,50,1,0.523023
1000,50,1,0.520693
1000,50,1,0.521417
1000,50,1,0.522835
1000,50,1,0.521808
1000,50,1,0.523084
1000,50,1,0.523722
1000,50,1,0.522044
1000,50,1,0.523589
1000,50,1,0.522926
1000,50,1,0.52198
1000,50,1,0.52262
1000,50,1,0.522232
1000,50,1,0.531802
1000,50,1,0.523465
1000,50,1,0.523013
1000,50,1,0.523614
2000,50,1,2.185535
2000,50,1,2.182636
2000,50,1,2.181999
2000,50,1,2.18199
2000,50,1,2.183283
2000,50,1,2.181576
2000,50,1,2.192982
2000,50,1,2.188851
2000,50,1,2.183526
2000,50,1,2.183207
2000,50,1,2.191053
2000,50,1,2.180272
2000,50,1,2.185675
2000,50,1,2.182713
2000,50,1,2.184653
2000,50,1,2.183215
2000,50,1,2.200726
2000,50,1,2.181649
2000,50,1,2.181697
2000,50,1,2.179655
3000,50,1,4.910315
3000,50,1,4.910221
3000,50,1,4.966185
3000,50,1,4.934584
3000,50,1,4.947073
3000,50,1,4.920889
3000,50,1,4.921167
3000,50,1,4.921583
3000,50,1,4.916278
3000,50,1,4.916859
3000,50,1,4.918469
3000,50,1,4.918589
3000,50,1,4.91843
3000,50,1,4.913623
3000,50,1,4.913645
3000,50,1,4.924118
3000,50,1,4.921874
3000,50,1,4.923578
3000,50,1,4.917527
3000,50,1,4.920774
500,100,1,0.251445
500,100,1,0.2515
500,100,1,0.252052
500,100,1,0.251759
500,100,1,0.251015
500,100,1,0.251725
500,100,1,0.251631
500,100,1,0.251036
500,100,1,0.251852
500,100,1,0.251791
500,100,1,0.251507
500,100,1,0.25103
500,100,1,0.251933
500,100,1,0.255204
500,100,1,0.251987
500,100,1,0.25154
500,100,1,0.252515
500,100,1,0.251658
500,100,1,0.251497
500,100,1,0.252047
1000,100,1,1.007119
1000,100,1,1.005242
1000,100,1,1.004658
1000,100,1,1.005764
1000,100,1,1.005045
1000,100,1,1.006225
1000,100,1,1.004774
1000,100,1,1.004138
1000,100,1,1.003784
1000,100,1,1.006677
1000,100,1,1.014183
1000,100,1,1.006795
1000,100,1,1.017913
1000,100,1,1.006529
1000,100,1,1.01238
1000,100,1,1.00619
1000,100,1,1.018393
1000,100,1,1.034162
1000,100,1,1.005491
1000,100,1,1.006008
2000,100,1,4.220026
2000,100,1,4.217088
2000,100,1,4.21121
2000,100,1,4.214189
2000,100,1,4.220634
2000,100,1,4.219561
2000,100,1,4.217106
2000,100,1,4.210697
2000,100,1,4.212001
2000,100,1,4.213056
2000,100,1,4.21115
2000,100,1,4.212412
2000,100,1,4.213709
2000,100,1,4.209398
2000,100,1,4.215037
2000,100,1,4.214821
2000,100,1,4.214742
2000,100,1,4.224911
2000,100,1,4.222259
2000,100,1,4.214667
3000,100,1,9.509291
3000,100,1,9.512814
3000,100,1,9.503353
3000,100,1,9.511266
3000,100,1,9.532178
3000,100,1,9.498842
3000,100,1,9.503165
3000,100,1,9.502916
3000,100,1,9.522104
3000,100,1,9.486106
3000,100,1,9.488112
3000,100,1,9.513717
3000,100,1,9.494317
3000,100,1,9.515946
3000,100,1,9.577
3000,100,1,9.496953
3000,100,1,9.497195
3000,100,1,9.497288
3000,100,1,9.492825
3000,100,1,9.489604
500,200,1,0.485158
500,200,1,0.485798
500,200,1,0.485644
500,200,1,0.486184
500,200,1,0.485207
500,200,1,0.48415
500,200,1,0.483507
500,200,1,0.485611
500,200,1,0.484225
500,200,1,0.485082
500,200,1,0.483513
500,200,1,0.485856
500,200,1,0.485158
500,200,1,0.486979
500,200,1,0.48717
500,200,1,0.485582
500,200,1,0.486116
500,200,1,0.485735
500,200,1,0.487211
500,200,1,0.487592
1000,200,1,1.939781
1000,200,1,1.944112
1000,200,1,1.941122
1000,200,1,1.941842
1000,200,1,1.953881
1000,200,1,1.943665
1000,200,1,1.941004
1000,200,1,1.952791
1000,200,1,1.956883
1000,200,1,1.942805
1000,200,1,1.954568
1000,200,1,1.942812
1000,200,1,1.939567
1000,200,1,1.938303
1000,200,1,1.943868
1000,200,1,2.00017
1000,200,1,1.94317
1000,200,1,1.944507
1000,200,1,1.943264
1000,200,1,1.946347
2000,200,1,8.202947
2000,200,1,8.212233
2000,200,1,8.195798
2000,200,1,8.188717
2000,200,1,8.190411
2000,200,1,8.185678
2000,200,1,8.190202
2000,200,1,8.218822
2000,200,1,8.207905
2000,200,1,8.19984
2000,200,1,8.200433
2000,200,1,8.237764
2000,200,1,8.221379
2000,200,1,8.203559
2000,200,1,8.185655
2000,200,1,8.198252
2000,200,1,8.205765
2000,200,1,8.252191
2000,200,1,8.200994
2000,200,1,8.202386
3000,200,1,18.465984
3000,200,1,18.565334
3000,200,1,18.467972
3000,200,1,18.472763
3000,200,1,18.480864
3000,200,1,18.521244
3000,200,1,18.468283
3000,200,1,18.489426
3000,200,1,18.50539
3000,200,1,18.466895
3000,200,1,18.508639
3000,200,1,18.471758
3000,200,1,18.503947
3000,200,1,18.494461
3000,200,1,18.492371
3000,200,1,18.491441
3000,200,1,18.490907
3000,200,1,18.479595
3000,200,1,18.477181
3000,200,1,18.491275
500,500,1,1.168118
500,500,1,1.169508
500,500,1,1.170085
500,500,1,1.165103
500,500,1,1.17093
500,500,1,1.169382
500,500,1,1.171963
500,500,1,1.16929
500,500,1,1.17843
500,500,1,1.164817
500,500,1,1.165914
500,500,1,1.173338
500,500,1,1.171534
500,500,1,1.168542
500,500,1,1.168533
500,500,1,1.170715
500,500,1,1.170356
500,500,1,1.171511
500,500,1,1.169998
500,500,1,1.171324
1000,500,1,4.743141
1000,500,1,4.697917
1000,500,1,4.680141
1000,500,1,4.686227
1000,500,1,4.707571
1000,500,1,4.669348
1000,500,1,4.678942
1000,500,1,4.67833
1000,500,1,4.687982
1000,500,1,4.677635
1000,500,1,4.68091
1000,500,1,4.677842
1000,500,1,4.686598
1000,500,1,4.681539
1000,500,1,4.680731
1000,500,1,4.676928
1000,500,1,4.679788
1000,500,1,4.678617
1000,500,1,4.677897
1000,500,1,4.683213
2000,500,1,19.998132
2000,500,1,19.980755
2000,500,1,20.04792
2000,500,1,19.976342
2000,500,1,19.980324
2000,500,1,19.96746
2000,500,1,20.015803
2000,500,1,19.976249
2000,500,1,19.981563
2000,500,1,19.985988
2000,500,1,19.970405
2000,500,1,19.979967
2000,500,1,19.981783
2000,500,1,20.006334
2000,500,1,20.039588
2000,500,1,20.027377
2000,500,1,20.00875
2000,500,1,20.012605
2000,500,1,19.998737
2000,500,1,19.961779
3000,500,1,45.132591
3000,500,1,45.15535
3000,500,1,45.117284
3000,500,1,45.141385
3000,500,1,45.10334
3000,500,1,45.09668
3000,500,1,45.154694
3000,500,1,45.182066
3000,500,1,45.182663
3000,500,1,45.091382
3000,500,1,45.119173
3000,500,1,45.144668
3000,500,1,45.116613
3000,500,1,45.242358
3000,500,1,45.200352
3000,500,1,45.136501
3000,500,1,45.15529
3000,500,1,45.291418
3000,500,1,45.121384
3000,500,1,45.161242
500,50,2,0.066659
500,50,2,0.067003
500,50,2,0.067388
500,50,2,0.068665
500,50,2,0.069123
500,50,2,0.066594
500,50,2,0.066754
500,50,2,0.068294
500,50,2,0.066608
500,50,2,0.0662
500,50,2,0.067264
500,50,2,0.066816
500,50,2,0.066226
500,50,2,0.066443
500,50,2,0.066258
500,50,2,0.066307
500,50,2,0.066249
500,50,2,0.065824
500,50,2,0.066402
500,50,2,0.066455
1000,50,2,0.280094
1000,50,2,0.264233
1000,50,2,0.263917
1000,50,2,0.264339
1000,50,2,0.281338
1000,50,2,0.285996
1000,50,2,0.27377
1000,50,2,0.273245
1000,50,2,0.272601
1000,50,2,0.273262
1000,50,2,0.274419
1000,50,2,0.273158
1000,50,2,0.277651
1000,50,2,0.289803
1000,50,2,0.264398
1000,50,2,0.27213
1000,50,2,0.264271
1000,50,2,0.264811
1000,50,2,0.264729
1000,50,2,0.280283
2000,50,2,1.113774
2000,50,2,1.101735
2000,50,2,1.132122
2000,50,2,1.170341
2000,50,2,1.101896
2000,50,2,1.105794
2000,50,2,1.152837
2000,50,2,1.109581
2000,50,2,1.104699
2000,50,2,1.103331
2000,50,2,1.124607
2000,50,2,1.120437
2000,50,2,1.158827
2000,50,2,1.105331
2000,50,2,1.100858
2000,50,2,1.108127
2000,50,2,1.159389
2000,50,2,1.113148
2000,50,2,1.10553
2000,50,2,1.171243
3000,50,2,2.480366
3000,50,2,2.51105
3000,50,2,2.521125
3000,50,2,2.485608
3000,50,2,2.517284
3000,50,2,2.512635
3000,50,2,2.491088
3000,50,2,2.479397
3000,50,2,2.480958
3000,50,2,2.501188
3000,50,2,2.48094
3000,50,2,2.489176
3000,50,2,2.48924
3000,50,2,2.481064
3000,50,2,2.592417
3000,50,2,2.506514
3000,50,2,2.528267
3000,50,2,2.512025
3000,50,2,2.50609
3000,50,2,2.478413
500,100,2,0.135135
500,100,2,0.127305
500,100,2,0.135662
500,100,2,0.134286
500,100,2,0.127258
500,100,2,0.12748
500,100,2,0.127065
500,100,2,0.128035
500,100,2,0.138297
500,100,2,0.134552
500,100,2,0.127184
500,100,2,0.135104
500,100,2,0.134151
500,100,2,0.141428
500,100,2,0.136091
500,100,2,0.128029
500,100,2,0.127877
500,100,2,0.126613
500,100,2,0.127075
500,100,2,0.127192
1000,100,2,0.507479
1000,100,2,0.505833
1000,100,2,0.506992
1000,100,2,0.508658
1000,100,2,0.507369
1000,100,2,0.507695
1000,100,2,0.506676
1000,100,2,0.505173
1000,100,2,0.506901
1000,100,2,0.506883
1000,100,2,0.508776
1000,100,2,0.507219
1000,100,2,0.508297
1000,100,2,0.505284
1000,100,2,0.505941
1000,100,2,0.506817
1000,100,2,0.505992
1000,100,2,0.506507
1000,100,2,0.506419
1000,100,2,0.51599
2000,100,2,2.120674
2000,100,2,2.128352
2000,100,2,2.182729
2000,100,2,2.230092
2000,100,2,2.132186
2000,100,2,2.121959
2000,100,2,2.17266
2000,100,2,2.11919
2000,100,2,2.122471
2000,100,2,2.166918
2000,100,2,2.1269
2000,100,2,2.13455
2000,100,2,2.230045
2000,100,2,2.190219
2000,100,2,2.151065
2000,100,2,2.169238
2000,100,2,2.127147
2000,100,2,2.193435
2000,100,2,2.125425
2000,100,2,2.126125
3000,100,2,4.847764
3000,100,2,4.785415
3000,100,2,4.804845
3000,100,2,4.823776
3000,100,2,4.792416
3000,100,2,4.822297
3000,100,2,4.791088
3000,100,2,4.785677
3000,100,2,4.788774
3000,100,2,4.804702
3000,100,2,4.822594
3000,100,2,4.786592
3000,100,2,4.797628
3000,100,2,4.814513
3000,100,2,4.784362
3000,100,2,4.784239
3000,100,2,4.788973
3000,100,2,4.79656
3000,100,2,4.781381
3000,100,2,4.804426
500,200,2,0.24634
500,200,2,0.246405
500,200,2,0.246796
500,200,2,0.248545
500,200,2,0.246376
500,200,2,0.245119
500,200,2,0.249554
500,200,2,0.252011
500,200,2,0.248923
500,200,2,0.249767
500,200,2,0.247101
500,200,2,0.247721
500,200,2,0.245613
500,200,2,0.260845
500,200,2,0.246515
500,200,2,0.246191
500,200,2,0.248363
500,200,2,0.249757
500,200,2,0.246474
500,200,2,0.257223
1000,200,2,0.991309
1000,200,2,0.984382
1000,200,2,0.983343
1000,200,2,0.978734
1000,200,2,0.983899
1000,200,2,1.024685
1000,200,2,0.984599
1000,200,2,0.98819
1000,200,2,0.998343
1000,200,2,0.98928
1000,200,2,0.981376
1000,200,2,1.007327
1000,200,2,0.996488
1000,200,2,0.995292
1000,200,2,1.039192
1000,200,2,1.013012
1000,200,2,0.981122
1000,200,2,1.045863
1000,200,2,0.979723
1000,200,2,1.003208
2000,200,2,4.12764
2000,200,2,4.14004
2000,200,2,4.187418
2000,200,2,4.230202
2000,200,2,4.133445
2000,200,2,4.135017
2000,200,2,4.197969
2000,200,2,4.133188
2000,200,2,4.196181
2000,200,2,4.138221
2000,200,2,4.139768
2000,200,2,4.155484
2000,200,2,4.139895
2000,200,2,4.140144
2000,200,2,4.151033
2000,200,2,4.130821
2000,200,2,4.189327
2000,200,2,4.13231
2000,200,2,4.178851
2000,200,2,4.154324
3000,200,2,9.350369
3000,200,2,9.444232
3000,200,2,9.349355
3000,200,2,9.407159
3000,200,2,9.388747
3000,200,2,9.315335
3000,200,2,9.45437
3000,200,2,9.332624
3000,200,2,9.370233
3000,200,2,9.385205
3000,200,2,9.400913
3000,200,2,9.345698
3000,200,2,9.360611
3000,200,2,9.344354
3000,200,2,9.369411
3000,200,2,9.339323
3000,200,2,9.417188
3000,200,2,9.332733
3000,200,2,9.355048
3000,200,2,9.385689
500,500,2,0.590543
500,500,2,0.591117
500,500,2,0.593041
500,500,2,0.591308
500,500,2,0.594421
500,500,2,0.593211
500,500,2,0.59128
500,500,2,0.616376
500,500,2,0.594605
500,500,2,0.608755
500,500,2,0.615757
500,500,2,0.591241
500,500,2,0.627378
500,500,2,0.595638
500,500,2,0.592767
500,500,2,0.592365
500,500,2,0.627531
500,500,2,0.596135
500,500,2,0.593065
500,500,2,0.591717
1000,500,2,2.367248
1000,500,2,2.402555
1000,500,2,2.380676
1000,500,2,2.389495
1000,500,2,2.388502
1000,500,2,2.371419
1000,500,2,2.361616
1000,500,2,2.37263
1000,500,2,2.367565
1000,500,2,2.359451
1000,500,2,2.361664
1000,500,2,2.377372
1000,500,2,2.367837
1000,500,2,2.358389
1000,500,2,2.358795
1000,500,2,2.366325
1000,500,2,2.369306
1000,500,2,2.376076
1000,500,2,2.375052
1000,500,2,2.358142
2000,500,2,10.157792
2000,500,2,10.224531
2000,500,2,10.109856
2000,500,2,10.108737
2000,500,2,10.110848
2000,500,2,10.133088
2000,500,2,10.136917
2000,500,2,10.111977
2000,500,2,10.149336
2000,500,2,10.109536
2000,500,2,10.112945
2000,500,2,10.187007
2000,500,2,10.099963
2000,500,2,10.124979
2000,500,2,10.101774
2000,500,2,10.11539
2000,500,2,10.135932
2000,500,2,10.143147
2000,500,2,10.1565
2000,500,2,10.186126
3000,500,2,22.852766
3000,500,2,22.833355
3000,500,2,22.846335
3000,500,2,22.867054
3000,500,2,22.820695
3000,500,2,22.934787
3000,500,2,22.839373
3000,500,2,22.844944
3000,500,2,22.837738
3000,500,2,22.86258
3000,500,2,22.824312
3000,500,2,22.839795
3000,500,2,22.836687
3000,500,2,22.797717
3000,500,2,22.804273
3000,500,2,22.883792
3000,500,2,22.822035
3000,500,2,22.945493
3000,500,2,22.848036
3000,500,2,22.908084
500,50,4,0.037814
500,50,4,0.037648
500,50,4,0.037479
500,50,4,0.037716
500,50,4,0.037051
500,50,4,0.037702
500,50,4,0.036838
500,50,4,0.037529
500,50,4,0.036894
500,50,4,0.037718
500,50,4,0.036839
500,50,4,0.0368
500,50,4,0.037744
500,50,4,0.037594
500,50,4,0.037617
500,50,4,0.036896
500,50,4,0.036773
500,50,4,0.036587
500,50,4,0.036875
500,50,4,0.036588
1000,50,4,0.149748
1000,50,4,0.147097
1000,50,4,0.145567
1000,50,4,0.145695
1000,50,4,0.14942
1000,50,4,0.145989
1000,50,4,0.149731
1000,50,4,0.145561
1000,50,4,0.14638
1000,50,4,0.145935
1000,50,4,0.145932
1000,50,4,0.149675
1000,50,4,0.14574
1000,50,4,0.14538
1000,50,4,0.149852
1000,50,4,0.145987
1000,50,4,0.145442
1000,50,4,0.145654
1000,50,4,0.149473
1000,50,4,0.145451
2000,50,4,0.618903
2000,50,4,0.616474
2000,50,4,0.617507
2000,50,4,0.622696
2000,50,4,0.617919
2000,50,4,0.619219
2000,50,4,0.616669
2000,50,4,0.631379
2000,50,4,0.618656
2000,50,4,0.620374
2000,50,4,0.619753
2000,50,4,0.61749
2000,50,4,0.63355
2000,50,4,0.625163
2000,50,4,0.621042
2000,50,4,0.616659
2000,50,4,0.617313
2000,50,4,0.616887
2000,50,4,0.619632
2000,50,4,0.619966
3000,50,4,1.395322
3000,50,4,1.392401
3000,50,4,1.395047
3000,50,4,1.408407
3000,50,4,1.393597
3000,50,4,1.398082
3000,50,4,1.393658
3000,50,4,1.396089
3000,50,4,1.400275
3000,50,4,1.392273
3000,50,4,1.391953
3000,50,4,1.391139
3000,50,4,1.392875
3000,50,4,1.391046
3000,50,4,1.393023
3000,50,4,1.390572
3000,50,4,1.396468
3000,50,4,1.39622
3000,50,4,1.397451
3000,50,4,1.390609
500,100,4,0.070179
500,100,4,0.070048
500,100,4,0.07023
500,100,4,0.070123
500,100,4,0.070514
500,100,4,0.070215
500,100,4,0.070559
500,100,4,0.071497
500,100,4,0.070442
500,100,4,0.070737
500,100,4,0.070869
500,100,4,0.072378
500,100,4,0.070508
500,100,4,0.07201
500,100,4,0.070383
500,100,4,0.070506
500,100,4,0.07033
500,100,4,0.07044
500,100,4,0.070279
500,100,4,0.070453
1000,100,4,0.283534
1000,100,4,0.28007
1000,100,4,0.285534
1000,100,4,0.282007
1000,100,4,0.280262
1000,100,4,0.278905
1000,100,4,0.279708
1000,100,4,0.278898
1000,100,4,0.287004
1000,100,4,0.279137
1000,100,4,0.279482
1000,100,4,0.278992
1000,100,4,0.279446
1000,100,4,0.279151
1000,100,4,0.278476
1000,100,4,0.278854
1000,100,4,0.279564
1000,100,4,0.278966
1000,100,4,0.278985
1000,100,4,0.281518
2000,100,4,1.195829
2000,100,4,1.189638
2000,100,4,1.191305
2000,100,4,1.192233
2000,100,4,1.190566
2000,100,4,1.217979
2000,100,4,1.193548
2000,100,4,1.1889
2000,100,4,1.187642
2000,100,4,1.189723
2000,100,4,1.189399
2000,100,4,1.206344
2000,100,4,1.196141
2000,100,4,1.196185
2000,100,4,1.192781
2000,100,4,1.194945
2000,100,4,1.204486
2000,100,4,1.202491
2000,100,4,1.19617
2000,100,4,1.190028
3000,100,4,2.706069
3000,100,4,2.694781
3000,100,4,2.688906
3000,100,4,2.694022
3000,100,4,2.694548
3000,100,4,2.690625
3000,100,4,2.693787
3000,100,4,2.698758
3000,100,4,2.698445
3000,100,4,2.693563
3000,100,4,2.688756
3000,100,4,2.715805
3000,100,4,2.702095
3000,100,4,2.682095
3000,100,4,2.69866
3000,100,4,2.701373
3000,100,4,2.690572
3000,100,4,2.683383
3000,100,4,2.685818
3000,100,4,2.686446
500,200,4,0.139469
500,200,4,0.139424
500,200,4,0.136769
500,200,4,0.13591
500,200,4,0.136135
500,200,4,0.135549
500,200,4,0.135614
500,200,4,0.135077
500,200,4,0.136026
500,200,4,0.135499
500,200,4,0.135518
500,200,4,0.135904
500,200,4,0.136357
500,200,4,0.139179
500,200,4,0.139541
500,200,4,0.137722
500,200,4,0.136279
500,200,4,0.139447
500,200,4,0.13741
500,200,4,0.137397
1000,200,4,0.550613
1000,200,4,0.555124
1000,200,4,0.542054
1000,200,4,0.542108
1000,200,4,0.544762
1000,200,4,0.538343
1000,200,4,0.540794
1000,200,4,0.538997
1000,200,4,0.539566
1000,200,4,0.547543
1000,200,4,0.540937
1000,200,4,0.538819
1000,200,4,0.538495
1000,200,4,0.539308
1000,200,4,0.53889
1000,200,4,0.53819
1000,200,4,0.547964
1000,200,4,0.5386
1000,200,4,0.537318
1000,200,4,0.539371
2000,200,4,2.317457
2000,200,4,2.32942
2000,200,4,2.318418
2000,200,4,2.307404
2000,200,4,2.317044
2000,200,4,2.310226
2000,200,4,2.31526
2000,200,4,2.320752
2000,200,4,2.319312
2000,200,4,2.301858
2000,200,4,2.310911
2000,200,4,2.307705
2000,200,4,2.31034
2000,200,4,2.311872
2000,200,4,2.313378
2000,200,4,2.312165
2000,200,4,2.307868
2000,200,4,2.316315
2000,200,4,2.316467
2000,200,4,2.310698
3000,200,4,5.23985
3000,200,4,5.23565
3000,200,4,5.224173
3000,200,4,5.237015
3000,200,4,5.228718
3000,200,4,5.22053
3000,200,4,5.230534
3000,200,4,5.229078
3000,200,4,5.220532
3000,200,4,5.230564
3000,200,4,5.238774
3000,200,4,5.225713
3000,200,4,5.233045
3000,200,4,5.22681
3000,200,4,5.233748
3000,200,4,5.260697
3000,200,4,5.238949
3000,200,4,5.241694
3000,200,4,5.248944
3000,200,4,5.260556
500,500,4,0.327635
500,500,4,0.326135
500,500,4,0.334908
500,500,4,0.327635
500,500,4,0.32788
500,500,4,0.327785
500,500,4,0.32628
500,500,4,0.330279
500,500,4,0.335501
500,500,4,0.325758
500,500,4,0.33506
500,500,4,0.326976
500,500,4,0.335981
500,500,4,0.326119
500,500,4,0.32657
500,500,4,0.332448
500,500,4,0.325809
500,500,4,0.326158
500,500,4,0.327903
500,500,4,0.335669
1000,500,4,1.306693
1000,500,4,1.320366
1000,500,4,1.303032
1000,500,4,1.311101
1000,500,4,1.303107
1000,500,4,1.30149
1000,500,4,1.30897
1000,500,4,1.300093
1000,500,4,1.315761
1000,500,4,1.299645
1000,500,4,1.302482
1000,500,4,1.3014
1000,500,4,1.316976
1000,500,4,1.298044
1000,500,4,1.314659
1000,500,4,1.299074
1000,500,4,1.306764
1000,500,4,1.299079
1000,500,4,1.309188
1000,500,4,1.303141
2000,500,4,5.645697
2000,500,4,5.636059
2000,500,4,5.64299
2000,500,4,5.625005
2000,500,4,5.628684
2000,500,4,5.630599
2000,500,4,5.603799
2000,500,4,5.630666
2000,500,4,5.642578
2000,500,4,5.636032
2000,500,4,5.625011
2000,500,4,5.629788
2000,500,4,5.6504
2000,500,4,5.624552
2000,500,4,5.6399
2000,500,4,5.625507
2000,500,4,5.632165
2000,500,4,5.620622
2000,500,4,5.625796
2000,500,4,5.63416
3000,500,4,12.793853
3000,500,4,12.791271
3000,500,4,12.737798
3000,500,4,12.758694
3000,500,4,12.812241
3000,500,4,12.773408
3000,500,4,12.730404
3000,500,4,12.7844
3000,500,4,12.82445
3000,500,4,12.787141
3000,500,4,12.734667
3000,500,4,12.774158
3000,500,4,12.774482
3000,500,4,12.79228
3000,500,4,12.74987
3000,500,4,12.77762
3000,500,4,12.799065
3000,500,4,12.77962
3000,500,4,12.803892
3000,500,4,12.805551
500,50,8,0.019217
500,50,8,0.019155
500,50,8,0.019418
500,50,8,0.019148
500,50,8,0.019282
500,50,8,0.01908
500,50,8,0.019147
500,50,8,0.019174
500,50,8,0.019315
500,50,8,0.019154
500,50,8,0.01912
500,50,8,0.019155
500,50,8,0.019203
500,50,8,0.019177
500,50,8,0.019226
500,50,8,0.019134
500,50,8,0.019138
500,50,8,0.019349
500,50,8,0.019131
500,50,8,0.019174
1000,50,8,0.076591
1000,50,8,0.075605
1000,50,8,0.075839
1000,50,8,0.075696
1000,50,8,0.075619
1000,50,8,0.07559
1000,50,8,0.075825
1000,50,8,0.075731
1000,50,8,0.075636
1000,50,8,0.075816
1000,50,8,0.075884
1000,50,8,0.075597
1000,50,8,0.07557
1000,50,8,0.07577
1000,50,8,0.075754
1000,50,8,0.076017
1000,50,8,0.07592
1000,50,8,0.075726
1000,50,8,0.075884
1000,50,8,0.075723
2000,50,8,0.335756
2000,50,8,0.336405
2000,50,8,0.335671
2000,50,8,0.336592
2000,50,8,0.335427
2000,50,8,0.336718
2000,50,8,0.335312
2000,50,8,0.33726
2000,50,8,0.337537
2000,50,8,0.336119
2000,50,8,0.336831
2000,50,8,0.33645
2000,50,8,0.33629
2000,50,8,0.335834
2000,50,8,0.337546
2000,50,8,0.335941
2000,50,8,0.338455
2000,50,8,0.336322
2000,50,8,0.337391
2000,50,8,0.337514
3000,50,8,0.761971
3000,50,8,0.760568
3000,50,8,0.762057
3000,50,8,0.762949
3000,50,8,0.763448
3000,50,8,0.763639
3000,50,8,0.760821
3000,50,8,0.762974
3000,50,8,0.763238
3000,50,8,0.76336
3000,50,8,0.762411
3000,50,8,0.762301
3000,50,8,0.763131
3000,50,8,0.761974
3000,50,8,0.763997
3000,50,8,0.762649
3000,50,8,0.76057
3000,50,8,0.761692
3000,50,8,0.762686
3000,50,8,0.761862
500,100,8,0.037253
500,100,8,0.036598
500,100,8,0.036498
500,100,8,0.036806
500,100,8,0.036604
500,100,8,0.036611
500,100,8,0.036468
500,100,8,0.036735
500,100,8,0.036671
500,100,8,0.036684
500,100,8,0.0366
500,100,8,0.036507
500,100,8,0.036489
500,100,8,0.036519
500,100,8,0.036622
500,100,8,0.036786
500,100,8,0.036555
500,100,8,0.036626
500,100,8,0.036835
500,100,8,0.036579
1000,100,8,0.145096
1000,100,8,0.144671
1000,100,8,0.144925
1000,100,8,0.144951
1000,100,8,0.145299
1000,100,8,0.145176
1000,100,8,0.144511
1000,100,8,0.144783
1000,100,8,0.145106
1000,100,8,0.144974
1000,100,8,0.144864
1000,100,8,0.144563
1000,100,8,0.144938
1000,100,8,0.14506
1000,100,8,0.144783
1000,100,8,0.144926
1000,100,8,0.145004
1000,100,8,0.144576
1000,100,8,0.144924
1000,100,8,0.145048
2000,100,8,0.647377
2000,100,8,0.647149
2000,100,8,0.647222
2000,100,8,0.647573
2000,100,8,0.646227
2000,100,8,0.647557
2000,100,8,0.646324
2000,100,8,0.648428
2000,100,8,0.647903
2000,100,8,0.648015
2000,100,8,0.646496
2000,100,8,0.648693
2000,100,8,0.646974
2000,100,8,0.648587
2000,100,8,0.647285
2000,100,8,0.647052
2000,100,8,0.646896
2000,100,8,0.64902
2000,100,8,0.647664
2000,100,8,0.647658
3000,100,8,1.472611
3000,100,8,1.473877
3000,100,8,1.471722
3000,100,8,1.475882
3000,100,8,1.475973
3000,100,8,1.474734
3000,100,8,1.469196
3000,100,8,1.471848
3000,100,8,1.478212
3000,100,8,1.475529
3000,100,8,1.475825
3000,100,8,1.477041
3000,100,8,1.475826
3000,100,8,1.473889
3000,100,8,1.473704
3000,100,8,1.473946
3000,100,8,1.475329
3000,100,8,1.476158
3000,100,8,1.47359
3000,100,8,1.473796
500,200,8,0.070842
500,200,8,0.070587
500,200,8,0.070654
500,200,8,0.070743
500,200,8,0.070397
500,200,8,0.070732
500,200,8,0.070679
500,200,8,0.070312
500,200,8,0.070433
500,200,8,0.070427
500,200,8,0.070826
500,200,8,0.070548
500,200,8,0.070709
500,200,8,0.070607
500,200,8,0.070477
500,200,8,0.070427
500,200,8,0.070712
500,200,8,0.070587
500,200,8,0.070649
500,200,8,0.07099
1000,200,8,0.279298
1000,200,8,0.279296
1000,200,8,0.279194
1000,200,8,0.279497
1000,200,8,0.279103
1000,200,8,0.278962
1000,200,8,0.279637
1000,200,8,0.279707
1000,200,8,0.279285
1000,200,8,0.279419
1000,200,8,0.279454
1000,200,8,0.279937
1000,200,8,0.279244
1000,200,8,0.279764
1000,200,8,0.282401
1000,200,8,0.278871
1000,200,8,0.279253
1000,200,8,0.278935
1000,200,8,0.278708
1000,200,8,0.279366
2000,200,8,1.255296
2000,200,8,1.25635
2000,200,8,1.256582
2000,200,8,1.256072
2000,200,8,1.255789
2000,200,8,1.258796
2000,200,8,1.256061
2000,200,8,1.256361
2000,200,8,1.256927
2000,200,8,1.256122
2000,200,8,1.257765
2000,200,8,1.258299
2000,200,8,1.256508
2000,200,8,1.25612
2000,200,8,1.25957
2000,200,8,1.254694
2000,200,8,1.255462
2000,200,8,1.256702
2000,200,8,1.260056
2000,200,8,1.257898
3000,200,8,2.866771
3000,200,8,2.85951
3000,200,8,2.873147
3000,200,8,2.866827
3000,200,8,2.858442
3000,200,8,2.883228
3000,200,8,2.866163
3000,200,8,2.862027
3000,200,8,2.862392
3000,200,8,2.864445
3000,200,8,2.868341
3000,200,8,2.860184
3000,200,8,2.868315
3000,200,8,2.874526
3000,200,8,2.869301
3000,200,8,2.862965
3000,200,8,2.865162
3000,200,8,2.8687
3000,200,8,2.864551
3000,200,8,2.872835
500,500,8,0.169344
500,500,8,0.170247
500,500,8,0.170601
500,500,8,0.170424
500,500,8,0.169819
500,500,8,0.169046
500,500,8,0.168996
500,500,8,0.169604
500,500,8,0.170649
500,500,8,0.169659
500,500,8,0.169877
500,500,8,0.169613
500,500,8,0.168912
500,500,8,0.169895
500,500,8,0.169809
500,500,8,0.170401
500,500,8,0.169312
500,500,8,0.16939
500,500,8,0.170314
500,500,8,0.169516
1000,500,8,0.67534
1000,500,8,0.669982
1000,500,8,0.67117
1000,500,8,0.671253
1000,500,8,0.671255
1000,500,8,0.671965
1000,500,8,0.67126
1000,500,8,0.671763
1000,500,8,0.670827
1000,500,8,0.67047
1000,500,8,0.671578
1000,500,8,0.671863
1000,500,8,0.671105
1000,500,8,0.672197
1000,500,8,0.672446
1000,500,8,0.671832
1000,500,8,0.671731
1000,500,8,0.671669
1000,500,8,0.67245
1000,500,8,0.67005
2000,500,8,3.047328
2000,500,8,3.051672
2000,500,8,3.055173
2000,500,8,3.046793
2000,500,8,3.054455
2000,500,8,3.048436
2000,500,8,3.063384
2000,500,8,3.050955
2000,500,8,3.045118
2000,500,8,3.04815
2000,500,8,3.049528
2000,500,8,3.049114
2000,500,8,3.055783
2000,500,8,3.047762
2000,500,8,3.04
2000,500,8,3.054113
2000,500,8,3.051315
2000,500,8,3.048145
2000,500,8,3.052579
2000,500,8,3.049469
3000,500,8,7.004265
3000,500,8,6.992449
3000,500,8,6.991447
3000,500,8,6.999888
3000,500,8,7.011671
3000,500,8,7.003663
3000,500,8,7.001486
3000,500,8,6.998829
3000,500,8,6.998558
3000,500,8,6.989792
3000,500,8,7.000409
3000,500,8,6.98193
3000,500,8,6.995209
3000,500,8,7.01269
3000,500,8,6.998444
3000,500,8,7.014872
3000,500,8,7.016073
3000,500,8,7.01243
3000,500,8,6.996187
3000,500,8,6.998697
500,50,10,0.015445
500,50,10,0.015454
500,50,10,0.015428
500,50,10,0.015546
500,50,10,0.015436
500,50,10,0.015426
500,50,10,0.015458
500,50,10,0.015361
500,50,10,0.015781
500,50,10,0.015461
500,50,10,0.015467
500,50,10,0.015501
500,50,10,0.015489
500,50,10,0.015419
500,50,10,0.015443
500,50,10,0.015487
500,50,10,0.01544
500,50,10,0.015409
500,50,10,0.015482
500,50,10,0.015423
1000,50,10,0.061192
1000,50,10,0.060885
1000,50,10,0.060997
1000,50,10,0.060986
1000,50,10,0.061205
1000,50,10,0.060708
1000,50,10,0.060832
1000,50,10,0.060889
1000,50,10,0.060986
1000,50,10,0.060902
1000,50,10,0.061062
1000,50,10,0.060967
1000,50,10,0.060863
1000,50,10,0.060889
1000,50,10,0.060811
1000,50,10,0.060685
1000,50,10,0.06136
1000,50,10,0.061023
1000,50,10,0.061113
1000,50,10,0.060798
2000,50,10,0.278266
2000,50,10,0.27822
2000,50,10,0.279231
2000,50,10,0.278231
2000,50,10,0.277538
2000,50,10,0.277964
2000,50,10,0.277634
2000,50,10,0.277461
2000,50,10,0.277131
2000,50,10,0.27766
2000,50,10,0.277845
2000,50,10,0.277996
2000,50,10,0.278213
2000,50,10,0.277972
2000,50,10,0.278599
2000,50,10,0.279072
2000,50,10,0.279268
2000,50,10,0.277737
2000,50,10,0.27851
2000,50,10,0.27803
3000,50,10,0.629814
3000,50,10,0.632035
3000,50,10,0.630492
3000,50,10,0.629967
3000,50,10,0.628736
3000,50,10,0.62962
3000,50,10,0.630792
3000,50,10,0.629368
3000,50,10,0.630849
3000,50,10,0.631263
3000,50,10,0.629673
3000,50,10,0.629303
3000,50,10,0.629743
3000,50,10,0.630372
3000,50,10,0.63016
3000,50,10,0.630256
3000,50,10,0.628883
3000,50,10,0.629988
3000,50,10,0.629783
3000,50,10,0.62874
500,100,10,0.029457
500,100,10,0.029593
500,100,10,0.029716
500,100,10,0.029404
500,100,10,0.029463
500,100,10,0.029473
500,100,10,0.0295
500,100,10,0.029453
500,100,10,0.030331
500,100,10,0.029424
500,100,10,0.029369
500,100,10,0.029626
500,100,10,0.029473
500,100,10,0.029434
500,100,10,0.029382
500,100,10,0.029436
500,100,10,0.029409
500,100,10,0.02946
500,100,10,0.029517
500,100,10,0.029471
1000,100,10,0.116469
1000,100,10,0.116111
1000,100,10,0.116454
1000,100,10,0.116501
1000,100,10,0.116566
1000,100,10,0.116632
1000,100,10,0.116155
1000,100,10,0.116381
1000,100,10,0.116404
1000,100,10,0.116793
1000,100,10,0.116321
1000,100,10,0.11636
1000,100,10,0.116872
1000,100,10,0.116275
1000,100,10,0.116162
1000,100,10,0.116469
1000,100,10,0.116479
1000,100,10,0.116698
1000,100,10,0.116407
1000,100,10,0.116528
2000,100,10,0.534913
2000,100,10,0.534103
2000,100,10,0.53535
2000,100,10,0.532936
2000,100,10,0.536185
2000,100,10,0.53472
2000,100,10,0.534506
2000,100,10,0.534899
2000,100,10,0.53504
2000,100,10,0.53396
2000,100,10,0.534923
2000,100,10,0.533613
2000,100,10,0.534717
2000,100,10,0.533829
2000,100,10,0.534741
2000,100,10,0.532933
2000,100,10,0.533408
2000,100,10,0.533872
2000,100,10,0.535618
2000,100,10,0.536192
3000,100,10,1.218664
3000,100,10,1.218509
3000,100,10,1.220789
3000,100,10,1.220028
3000,100,10,1.221358
3000,100,10,1.221038
3000,100,10,1.222135
3000,100,10,1.218893
3000,100,10,1.22097
3000,100,10,1.220435
3000,100,10,1.21808
3000,100,10,1.222033
3000,100,10,1.218666
3000,100,10,1.218069
3000,100,10,1.217219
3000,100,10,1.219929
3000,100,10,1.217607
3000,100,10,1.219923
3000,100,10,1.219144
3000,100,10,1.220728
500,200,10,0.056872
500,200,10,0.056579
500,200,10,0.056633
500,200,10,0.056468
500,200,10,0.05671
500,200,10,0.056856
500,200,10,0.05659
500,200,10,0.056772
500,200,10,0.056907
500,200,10,0.056897
500,200,10,0.056688
500,200,10,0.056685
500,200,10,0.056973
500,200,10,0.056977
500,200,10,0.056778
500,200,10,0.056487
500,200,10,0.05681
500,200,10,0.056884
500,200,10,0.05663
500,200,10,0.056758
1000,200,10,0.22404
1000,200,10,0.224062
1000,200,10,0.224366
1000,200,10,0.224722
1000,200,10,0.224311
1000,200,10,0.224181
1000,200,10,0.224099
1000,200,10,0.224957
1000,200,10,0.224258
1000,200,10,0.224555
1000,200,10,0.224155
1000,200,10,0.223726
1000,200,10,0.22393
1000,200,10,0.224414
1000,200,10,0.225051
1000,200,10,0.22429
1000,200,10,0.224369
1000,200,10,0.224427
1000,200,10,0.223729
1000,200,10,0.224144
2000,200,10,1.034713
2000,200,10,1.035815
2000,200,10,1.03662
2000,200,10,1.032834
2000,200,10,1.035851
2000,200,10,1.035194
2000,200,10,1.037331
2000,200,10,1.042663
2000,200,10,1.031965
2000,200,10,1.036533
2000,200,10,1.036702
2000,200,10,1.033157
2000,200,10,1.034276
2000,200,10,1.032045
2000,200,10,1.036165
2000,200,10,1.036168
2000,200,10,1.03663
2000,200,10,1.03301
2000,200,10,1.033641
2000,200,10,1.033531
3000,200,10,2.37907
3000,200,10,2.372707
3000,200,10,2.3773
3000,200,10,2.379468
3000,200,10,2.376339
3000,200,10,2.375596
3000,200,10,2.375949
3000,200,10,2.371995
3000,200,10,2.369606
3000,200,10,2.373486
3000,200,10,2.371649
3000,200,10,2.377069
3000,200,10,2.373172
3000,200,10,2.377436
3000,200,10,2.376657
3000,200,10,2.382385
3000,200,10,2.371445
3000,200,10,2.383581
3000,200,10,2.376805
3000,200,10,2.377796
500,500,10,0.136448
500,500,10,0.135976
500,500,10,0.137211
500,500,10,0.136483
500,500,10,0.136619
500,500,10,0.136617
500,500,10,0.136269
500,500,10,0.13658
500,500,10,0.135765
500,500,10,0.136329
500,500,10,0.136371
500,500,10,0.135773
500,500,10,0.136459
500,500,10,0.136793
500,500,10,0.135395
500,500,10,0.136083
500,500,10,0.136476
500,500,10,0.135949
500,500,10,0.136364
500,500,10,0.136656
1000,500,10,0.53899
1000,500,10,0.538589
1000,500,10,0.538387
1000,500,10,0.540215
1000,500,10,0.539422
1000,500,10,0.540299
1000,500,10,0.540087
1000,500,10,0.539034
1000,500,10,0.538578
1000,500,10,0.540126
1000,500,10,0.539012
1000,500,10,0.540017
1000,500,10,0.539005
1000,500,10,0.53912
1000,500,10,0.538442
1000,500,10,0.538774
1000,500,10,0.539504
1000,500,10,0.539465
1000,500,10,0.540143
1000,500,10,0.540873
2000,500,10,2.512591
2000,500,10,2.509292
2000,500,10,2.515344
2000,500,10,2.51914
2000,500,10,2.518686
2000,500,10,2.50991
2000,500,10,2.514751
2000,500,10,2.511935
2000,500,10,2.512885
2000,500,10,2.515229
2000,500,10,2.515417
2000,500,10,2.514035
2000,500,10,2.51145
2000,500,10,2.515244
2000,500,10,2.515352
2000,500,10,2.514686
2000,500,10,2.514758
2000,500,10,2.515794
2000,500,10,2.510812
2000,500,10,2.51213
3000,500,10,5.794934
3000,500,10,5.803138
3000,500,10,5.791087
3000,500,10,5.785665
3000,500,10,5.796394
3000,500,10,5.780415
3000,500,10,5.801744
3000,500,10,5.783938
3000,500,10,5.786552
3000,500,10,5.789282
3000,500,10,5.790984
3000,500,10,5.787345
3000,500,10,5.781246
3000,500,10,5.78982
3000,500,10,5.79992
3000,500,10,5.813635
3000,500,10,5.789362
3000,500,10,5.786335
3000,500,10,5.798749
3000,500,10,5.795385
500,50,12,0.013009
500,50,12,0.013009
500,50,12,0.013023
500,50,12,0.013067
500,50,12,0.013031
500,50,12,0.013008
500,50,12,0.012999
500,50,12,0.013185
500,50,12,0.013383
500,50,12,0.013011
500,50,12,0.013042
500,50,12,0.013019
500,50,12,0.013012
500,50,12,0.012972
500,50,12,0.013019
500,50,12,0.013007
500,50,12,0.013032
500,50,12,0.013717
500,50,12,0.013138
500,50,12,0.013143
1000,50,12,0.051325
1000,50,12,0.051155
1000,50,12,0.051238
1000,50,12,0.051293
1000,50,12,0.051122
1000,50,12,0.051409
1000,50,12,0.051486
1000,50,12,0.053232
1000,50,12,0.051537
1000,50,12,0.051024
1000,50,12,0.051149
1000,50,12,0.051192
1000,50,12,0.051121
1000,50,12,0.051109
1000,50,12,0.051215
1000,50,12,0.051186
1000,50,12,0.05113
1000,50,12,0.05141
1000,50,12,0.05111
1000,50,12,0.051259
2000,50,12,0.239275
2000,50,12,0.238902
2000,50,12,0.239233
2000,50,12,0.238835
2000,50,12,0.238965
2000,50,12,0.239907
2000,50,12,0.23931
2000,50,12,0.238556
2000,50,12,0.238366
2000,50,12,0.238419
2000,50,12,0.239164
2000,50,12,0.238262
2000,50,12,0.238928
2000,50,12,0.239268
2000,50,12,0.238478
2000,50,12,0.239616
2000,50,12,0.238429
2000,50,12,0.238559
2000,50,12,0.238919
2000,50,12,0.238573
3000,50,12,0.542762
3000,50,12,0.543651
3000,50,12,0.541907
3000,50,12,0.543689
3000,50,12,0.544802
3000,50,12,0.541884
3000,50,12,0.542687
3000,50,12,0.541245
3000,50,12,0.544231
3000,50,12,0.542798
3000,50,12,0.54198
3000,50,12,0.542606
3000,50,12,0.546254
3000,50,12,0.542573
3000,50,12,0.542453
3000,50,12,0.544167
3000,50,12,0.541595
3000,50,12,0.542478
3000,50,12,0.542707
3000,50,12,0.542061
500,100,12,0.024758
500,100,12,0.024801
500,100,12,0.024733
500,100,12,0.024578
500,100,12,0.024788
500,100,12,0.024737
500,100,12,0.024761
500,100,12,0.024734
500,100,12,0.024598
500,100,12,0.024698
500,100,12,0.024837
500,100,12,0.024713
500,100,12,0.024625
500,100,12,0.024792
500,100,12,0.024696
500,100,12,0.024722
500,100,12,0.024735
500,100,12,0.024744
500,100,12,0.024677
500,100,12,0.024751
1000,100,12,0.097953
1000,100,12,0.097711
1000,100,12,0.097595
1000,100,12,0.097511
1000,100,12,0.097219
1000,100,12,0.097616
1000,100,12,0.09763
1000,100,12,0.097731
1000,100,12,0.097695
1000,100,12,0.097587
1000,100,12,0.097941
1000,100,12,0.097534
1000,100,12,0.097357
1000,100,12,0.097719
1000,100,12,0.097468
1000,100,12,0.09758
1000,100,12,0.097544
1000,100,12,0.097689
1000,100,12,0.097476
1000,100,12,0.097306
2000,100,12,0.458501
2000,100,12,0.459712
2000,100,12,0.459862
2000,100,12,0.458357
2000,100,12,0.459114
2000,100,12,0.458138
2000,100,12,0.457433
2000,100,12,0.458109
2000,100,12,0.46006
2000,100,12,0.459312
2000,100,12,0.460114
2000,100,12,0.457809
2000,100,12,0.458718
2000,100,12,0.458718
2000,100,12,0.45785
2000,100,12,0.458316
2000,100,12,0.457995
2000,100,12,0.459086
2000,100,12,0.457505
2000,100,12,0.461969
3000,100,12,1.050366
3000,100,12,1.049903
3000,100,12,1.053006
3000,100,12,1.047839
3000,100,12,1.049415
3000,100,12,1.050363
3000,100,12,1.048435
3000,100,12,1.05037
3000,100,12,1.051625
3000,100,12,1.050185
3000,100,12,1.051972
3000,100,12,1.05047
3000,100,12,1.048753
3000,100,12,1.049994
3000,100,12,1.051413
3000,100,12,1.049498
3000,100,12,1.051943
3000,100,12,1.050366
3000,100,12,1.048163
3000,100,12,1.049769
500,200,12,0.047536
500,200,12,0.047573
500,200,12,0.047501
500,200,12,0.04741
500,200,12,0.047694
500,200,12,0.047621
500,200,12,0.047807
500,200,12,0.047505
500,200,12,0.047827
500,200,12,0.047612
500,200,12,0.047573
500,200,12,0.047784
500,200,12,0.047638
500,200,12,0.047837
500,200,12,0.047631
500,200,12,0.047576
500,200,12,0.047722
500,200,12,0.047919
500,200,12,0.047774
500,200,12,0.047645
1000,200,12,0.187668
1000,200,12,0.187882
1000,200,12,0.188328
1000,200,12,0.188024
1000,200,12,0.187937
1000,200,12,0.188269
1000,200,12,0.188093
1000,200,12,0.187985
1000,200,12,0.18821
1000,200,12,0.188059
1000,200,12,0.187533
1000,200,12,0.188013
1000,200,12,0.187978
1000,200,12,0.187786
1000,200,12,0.188076
1000,200,12,0.187974
1000,200,12,0.187647
1000,200,12,0.187366
1000,200,12,0.18782
1000,200,12,0.188037
2000,200,12,0.889701
2000,200,12,0.890088
2000,200,12,0.89034
2000,200,12,0.889593
2000,200,12,0.88761
2000,200,12,0.891469
2000,200,12,0.887547
2000,200,12,0.895391
2000,200,12,0.887672
2000,200,12,0.890236
2000,200,12,0.887853
2000,200,12,0.887273
2000,200,12,0.888644
2000,200,12,0.889476
2000,200,12,0.887834
2000,200,12,0.887956
2000,200,12,0.889176
2000,200,12,0.888968
2000,200,12,0.88806
2000,200,12,0.887044
3000,200,12,2.046185
3000,200,12,2.042095
3000,200,12,2.049778
3000,200,12,2.044317
3000,200,12,2.040669
3000,200,12,2.043863
3000,200,12,2.053274
3000,200,12,2.048294
3000,200,12,2.04452
3000,200,12,2.041179
3000,200,12,2.04706
3000,200,12,2.043707
3000,200,12,2.041404
3000,200,12,2.052009
3000,200,12,2.049706
3000,200,12,2.045555
3000,200,12,2.042104
3000,200,12,2.046328
3000,200,12,2.042785
3000,200,12,2.046633
500,500,12,0.11435
500,500,12,0.114437
500,500,12,0.114291
500,500,12,0.114102
500,500,12,0.114175
500,500,12,0.114598
500,500,12,0.11466
500,500,12,0.114373
500,500,12,0.114838
500,500,12,0.114797
500,500,12,0.11385
500,500,12,0.114199
500,500,12,0.114015
500,500,12,0.114883
500,500,12,0.114418
500,500,12,0.114215
500,500,12,0.114266
500,500,12,0.113834
500,500,12,0.114279
500,500,12,0.114404
1000,500,12,0.451127
1000,500,12,0.451383
1000,500,12,0.450972
1000,500,12,0.450858
1000,500,12,0.450606
1000,500,12,0.45313
1000,500,12,0.450666
1000,500,12,0.450985
1000,500,12,0.450992
1000,500,12,0.45161
1000,500,12,0.451508
1000,500,12,0.451737
1000,500,12,0.452046
1000,500,12,0.451752
1000,500,12,0.451458
1000,500,12,0.45135
1000,500,12,0.452007
1000,500,12,0.451626
1000,500,12,0.451173
1000,500,12,0.450485
2000,500,12,2.157142
2000,500,12,2.15248
2000,500,12,2.156399
2000,500,12,2.150786
2000,500,12,2.149758
2000,500,12,2.150461
2000,500,12,2.153546
2000,500,12,2.143664
2000,500,12,2.147403
2000,500,12,2.150241
2000,500,12,2.156129
2000,500,12,2.143762
2000,500,12,2.154875
2000,500,12,2.154237
2000,500,12,2.150683
2000,500,12,2.154965
2000,500,12,2.151172
2000,500,12,2.149693
2000,500,12,2.158459
2000,500,12,2.144954
3000,500,12,4.990443
3000,500,12,5.022581
3000,500,12,4.988717
3000,500,12,4.996184
3000,500,12,4.993683
3000,500,12,5.004423
3000,500,12,4.993964
3000,500,12,5.018144
3000,500,12,4.990925
3000,500,12,5.002148
3000,500,12,5.008432
3000,500,12,5.000883
3000,500,12,5.016302
3000,500,12,5.025537
3000,500,12,5.007577
3000,500,12,4.987651
3000,500,12,5.00022
3000,500,12,5.004632
3000,500,12,4.987991
3000,500,12,4.980689
5000,100,1,26.390983
5000,100,1,26.531713
5000,100,1,26.334842
5000,100,1,26.388673
5000,100,1,26.308242
5000,100,1,26.317975
5000,100,1,26.317545
5000,100,1,26.363841
5000,100,1,26.341021
5000,100,1,26.356924
8000,100,1,67.510163
8000,100,1,67.426199
8000,100,1,67.43511
8000,100,1,67.391507
8000,100,1,67.453374
8000,100,1,67.406814
8000,100,1,67.387715
8000,100,1,67.438329
8000,100,1,67.450713
8000,100,1,67.453307
12000,100,1,151.723696
12000,100,1,151.688227
12000,100,1,151.478287
12000,100,1,151.370369
12000,100,1,151.229589
12000,100,1,151.420898
12000,100,1,151.273968
12000,100,1,151.742203
12000,100,1,151.36075
12000,100,1,151.369284
15000,100,1,236.255007
15000,100,1,236.22519
15000,100,1,236.283394
15000,100,1,236.594802
15000,100,1,236.604237
15000,100,1,236.270877
15000,100,1,236.699067
15000,100,1,236.21306
15000,100,1,236.989908
15000,100,1,236.591372
5000,100,2,13.268141
5000,100,2,13.319124
5000,100,2,13.246874
5000,100,2,13.320895
5000,100,2,13.304633
5000,100,2,13.376831
5000,100,2,13.282427
5000,100,2,13.265223
5000,100,2,13.336483
5000,100,2,13.346803
8000,100,2,34.179332
8000,100,2,34.054846
8000,100,2,34.040057
8000,100,2,34.117214
8000,100,2,34.082292
8000,100,2,34.171693
8000,100,2,34.159408
8000,100,2,34.125937
8000,100,2,34.180236
8000,100,2,34.149835
12000,100,2,76.52753
12000,100,2,76.767299
12000,100,2,76.744202
12000,100,2,76.767583
12000,100,2,76.622795
12000,100,2,77.035143
12000,100,2,76.649685
12000,100,2,76.686323
12000,100,2,76.944214
12000,100,2,76.560896
15000,100,2,120.176912
15000,100,2,120.331075
15000,100,2,119.938574
15000,100,2,119.86105
15000,100,2,120.313165
15000,100,2,120.244717
15000,100,2,120.234512
15000,100,2,120.110967
15000,100,2,120.378882
15000,100,2,119.675757
5000,100,4,7.47028
5000,100,4,7.467098
5000,100,4,7.441308
5000,100,4,7.45183
5000,100,4,7.436232
5000,100,4,7.443125
5000,100,4,7.458872
5000,100,4,7.43427
5000,100,4,7.442227
5000,100,4,7.448426
8000,100,4,19.054839
8000,100,4,19.049707
8000,100,4,19.185287
8000,100,4,19.053752
8000,100,4,19.035117
8000,100,4,19.015562
8000,100,4,19.113762
8000,100,4,19.015337
8000,100,4,19.090646
8000,100,4,19.087716
12000,100,4,42.860331
12000,100,4,42.94343
12000,100,4,42.996592
12000,100,4,42.924469
12000,100,4,42.907622
12000,100,4,42.943316
12000,100,4,42.978151
12000,100,4,42.910626
12000,100,4,42.895203
12000,100,4,42.807665
15000,100,4,67.043139
15000,100,4,67.398162
15000,100,4,67.150301
15000,100,4,67.222111
15000,100,4,67.039499
15000,100,4,67.05108
15000,100,4,66.87323
15000,100,4,67.035162
15000,100,4,66.980846
15000,100,4,66.898135
5000,100,8,4.084292
5000,100,8,4.07875
5000,100,8,4.089656
5000,100,8,4.073803
5000,100,8,4.073738
5000,100,8,4.072457
5000,100,8,4.075245
5000,100,8,4.074548
5000,100,8,4.079682
5000,100,8,4.069515
8000,100,8,10.421113
8000,100,8,10.406097
8000,100,8,10.400628
8000,100,8,10.42036
8000,100,8,10.416072
8000,100,8,10.403283
8000,100,8,10.407978
8000,100,8,10.422097
8000,100,8,10.404704
8000,100,8,10.407197
12000,100,8,23.392031
12000,100,8,23.408235
12000,100,8,23.400239
12000,100,8,23.410806
12000,100,8,23.438092
12000,100,8,23.403461
12000,100,8,23.427161
12000,100,8,23.409162
12000,100,8,23.41082
12000,100,8,23.398107
15000,100,8,36.568055
15000,100,8,36.557655
15000,100,8,36.538089
15000,100,8,36.556605
15000,100,8,36.557431
15000,100,8,36.568264
15000,100,8,36.573352
15000,100,8,36.5595
15000,100,8,36.578159
15000,100,8,36.591375
5000,100,10,3.373516
5000,100,10,3.38229
5000,100,10,3.373025
5000,100,10,3.376119
5000,100,10,3.376179
5000,100,10,3.375129
5000,100,10,3.369427
5000,100,10,3.370738
5000,100,10,3.37565
5000,100,10,3.367738
8000,100,10,8.608712
8000,100,10,8.607505
8000,100,10,8.613549
8000,100,10,8.605131
8000,100,10,8.597675
8000,100,10,8.608266
8000,100,10,8.602413
8000,100,10,8.605144
8000,100,10,8.614575
8000,100,10,8.598428
12000,100,10,19.38508
12000,100,10,19.354756
12000,100,10,19.384412
12000,100,10,19.346086
12000,100,10,19.366465
12000,100,10,19.346307
12000,100,10,19.366137
12000,100,10,19.355193
12000,100,10,19.341885
12000,100,10,19.395075
15000,100,10,30.256718
15000,100,10,30.252901
15000,100,10,30.236355
15000,100,10,30.234645
15000,100,10,30.283826
15000,100,10,30.242187
15000,100,10,30.24497
15000,100,10,30.257439
15000,100,10,30.267265
15000,100,10,30.24906
5000,100,12,2.901929
5000,100,12,2.908014
5000,100,12,2.90169
5000,100,12,2.899824
5000,100,12,2.91227
5000,100,12,2.907732
5000,100,12,2.917918
5000,100,12,2.899729
5000,100,12,2.914428
5000,100,12,2.921412
8000,100,12,7.405517
8000,100,12,7.404516
8000,100,12,7.413454
8000,100,12,7.405126
8000,100,12,7.404512
8000,100,12,7.419299
8000,100,12,7.418793
8000,100,12,7.416763
8000,100,12,7.391281
8000,100,12,7.40855
12000,100,12,16.680287
12000,100,12,16.683399
12000,100,12,16.659372
12000,100,12,16.673865
12000,100,12,16.67379
12000,100,12,16.686864
12000,100,12,16.677698
12000,100,12,16.665441
12000,100,12,16.648072
12000,100,12,16.655093
15000,100,12,26.013875
15000,100,12,26.044306
15000,100,12,26.048011
15000,100,12,26.132989
15000,100,12,26.059049
15000,100,12,26.050682
15000,100,12,26.056006
15000,100,12,26.076591
15000,100,12,26.029183
15000,100,12,26.055235
500,500,12,0.114398
500,500,12,0.114809
500,500,12,0.114032
500,500,12,0.11428
500,500,12,0.114589
500,500,12,0.114366
500,500,12,0.1142
500,500,12,0.114401
500,500,12,0.113747
500,500,12,0.113792
1000,500,12,0.451671
1000,500,12,0.456224
1000,500,12,0.482398
1000,500,12,0.471641
1000,500,12,0.467472
1000,500,12,0.470218
1000,500,12,0.472421
1000,500,12,0.47107
1000,500,12,0.468284
1000,500,12,0.472915
2000,500,12,2.782509
2000,500,12,3.061578
2000,500,12,3.124423
2000,500,12,3.147654
2000,500,12,3.682945
2000,500,12,2.737452
2000,500,12,2.613988
2000,500,12,2.55442
2000,500,12,2.559721
2000,500,12,2.42614
3000,500,12,7.949278
3000,500,12,7.57763
3000,500,12,8.467383
3000,500,12,6.792986
3000,500,12,6.869379
3000,500,12,7.781915
3000,500,12,8.205933
3000,500,12,6.820285
3000,500,12,7.018227
3000,500,12,6.198926
4000,500,12,12.204326
4000,500,12,14.479241
4000,500,12,12.220889
4000,500,12,11.738968
4000,500,12,14.292627
4000,500,12,13.344072
4000,500,12,10.218776
4000,500,12,10.942824
4000,500,12,14.040945
4000,500,12,17.710905
5000,500,12,24.049243
5000,500,12,20.19433
5000,500,12,17.181123
5000,500,12,19.463598
5000,500,12,21.805108
5000,500,12,18.918768
5000,500,12,15.085877
5000,500,12,18.122375
5000,500,12,20.237847
5000,500,12,21.404584
6000,500,12,27.240899
6000,500,12,27.279519
6000,500,12,31.218437
6000,500,12,28.197358
6000,500,12,27.257337
6000,500,12,27.213148
6000,500,12,26.564509
6000,500,12,21.758897
6000,500,12,24.006876
6000,500,12,26.011964
7000,500,12,36.417938
7000,500,12,40.62043
7000,500,12,42.415511
7000,500,12,36.736767
7000,500,12,31.819405
7000,500,12,31.175254
7000,500,12,33.173133
7000,500,12,34.264786
7000,500,12,35.040509
7000,500,12,35.190283
8000,500,12,47.571671
8000,500,12,52.810392
8000,500,12,56.260054
8000,500,12,46.24736
8000,500,12,46.185376
8000,500,12,46.590138
8000,500,12,46.595774
8000,500,12,47.364394
8000,500,12,46.838125
8000,500,12,46.628124
9000,500,12,58.13635
9000,500,12,59.200443
9000,500,12,70.888231
9000,500,12,44.904288
9000,500,12,44.823001
9000,500,12,48.634869
9000,500,12,53.901767
9000,500,12,52.99274
9000,500,12,54.299423
9000,500,12,54.388046
10000,500,12,55.687062
10000,500,12,74.997522
10000,500,12,89.053429
10000,500,12,83.52767
10000,500,12,71.015937
10000,500,12,57.653248
10000,500,12,55.196205
10000,500,12,55.309689
10000,500,12,55.342924
10000,500,12,55.213275
