size,iterations,nodes,omp_threads,time
5000,100,2,4,12.708893
5000,100,2,4,12.609665
5000,100,2,4,12.893661
5000,100,2,4,12.661978
5000,100,2,4,12.576012
5000,100,2,4,12.697784
5000,100,2,4,12.603918
5000,100,2,4,12.669663
5000,100,2,4,12.588603
5000,100,2,4,12.741184
8000,100,2,4,32.055533
8000,100,2,4,32.088556
8000,100,2,4,32.11625
8000,100,2,4,32.150473
8000,100,2,4,32.260353
8000,100,2,4,32.095629
8000,100,2,4,32.01857
8000,100,2,4,32.092468
8000,100,2,4,32.115164
8000,100,2,4,32.01999
12000,100,2,4,72.74435
12000,100,2,4,72.841743
12000,100,2,4,72.565471
12000,100,2,4,72.661487
12000,100,2,4,72.968276
12000,100,2,4,72.858859
12000,100,2,4,72.681292
12000,100,2,4,72.888666
12000,100,2,4,73.011868
12000,100,2,4,72.749665
15000,100,2,4,113.418177
15000,100,2,4,113.513802
15000,100,2,4,113.402604
15000,100,2,4,113.27559
15000,100,2,4,113.805571
15000,100,2,4,113.63841
15000,100,2,4,113.335798
15000,100,2,4,113.624377
15000,100,2,4,113.494184
15000,100,2,4,113.291277
5000,100,4,4,1.93505
5000,100,4,4,1.933196
5000,100,4,4,1.93354
5000,100,4,4,1.94118
5000,100,4,4,1.934691
5000,100,4,4,1.9407
5000,100,4,4,1.933411
5000,100,4,4,1.964418
5000,100,4,4,1.936205
5000,100,4,4,1.935481
8000,100,4,4,4.856972
8000,100,4,4,4.861913
8000,100,4,4,4.864727
8000,100,4,4,4.874782
8000,100,4,4,4.85572
8000,100,4,4,4.860959
8000,100,4,4,4.865685
8000,100,4,4,4.865405
8000,100,4,4,4.861412
8000,100,4,4,4.855767
12000,100,4,4,10.947595
12000,100,4,4,10.924739
12000,100,4,4,10.936637
12000,100,4,4,10.980176
12000,100,4,4,10.950634
12000,100,4,4,10.899204
12000,100,4,4,10.937454
12000,100,4,4,10.943377
12000,100,4,4,10.949743
12000,100,4,4,10.928516
15000,100,4,4,17.158608
15000,100,4,4,17.144699
15000,100,4,4,17.147918
15000,100,4,4,17.097153
15000,100,4,4,17.151556
15000,100,4,4,17.141085
15000,100,4,4,17.14985
15000,100,4,4,17.126029
15000,100,4,4,17.136844
15000,100,4,4,17.157371
5000,100,6,4,1.298879
5000,100,6,4,1.304211
5000,100,6,4,1.297772
5000,100,6,4,1.298483
5000,100,6,4,1.297607
5000,100,6,4,1.299801
5000,100,6,4,1.299629
5000,100,6,4,1.301264
5000,100,6,4,1.300582
5000,100,6,4,1.300671
8000,100,6,4,3.267516
8000,100,6,4,3.269091
8000,100,6,4,3.26786
8000,100,6,4,3.276919
8000,100,6,4,3.275549
8000,100,6,4,3.273507
8000,100,6,4,3.266833
8000,100,6,4,3.269057
8000,100,6,4,3.26952
8000,100,6,4,3.276023
12000,100,6,4,7.38092
12000,100,6,4,7.33764
12000,100,6,4,7.328992
12000,100,6,4,7.367791
12000,100,6,4,7.343462
12000,100,6,4,7.328126
12000,100,6,4,7.344142
12000,100,6,4,7.357665
12000,100,6,4,7.355313
12000,100,6,4,7.380831
15000,100,6,4,11.44112
15000,100,6,4,11.401497
15000,100,6,4,11.430293
15000,100,6,4,11.416472
15000,100,6,4,11.440685
15000,100,6,4,11.469018
15000,100,6,4,11.383268
15000,100,6,4,11.423992
15000,100,6,4,11.462253
15000,100,6,4,11.445297
5000,100,2,8,12.618154
5000,100,2,8,12.664818
5000,100,2,8,12.632058
5000,100,2,8,12.596457
5000,100,2,8,12.595193
5000,100,2,8,12.612627
5000,100,2,8,12.600396
5000,100,2,8,12.623781
5000,100,2,8,12.712213
5000,100,2,8,12.63244
8000,100,2,8,32.329921
8000,100,2,8,32.108389
8000,100,2,8,32.065471
8000,100,2,8,32.018928
8000,100,2,8,32.090539
8000,100,2,8,32.050212
8000,100,2,8,32.00795
8000,100,2,8,32.192952
8000,100,2,8,32.031036
8000,100,2,8,32.023223
12000,100,2,8,72.910521
12000,100,2,8,72.98561
12000,100,2,8,73.017111
12000,100,2,8,72.772321
12000,100,2,8,73.062146
12000,100,2,8,72.91681
12000,100,2,8,72.818334
12000,100,2,8,72.842128
12000,100,2,8,72.737444
12000,100,2,8,72.848427
15000,100,2,8,113.242784
15000,100,2,8,113.804337
15000,100,2,8,113.6038
15000,100,2,8,113.335382
15000,100,2,8,113.24983
15000,100,2,8,113.765251
15000,100,2,8,113.191008
15000,100,2,8,113.522023
15000,100,2,8,113.363362
15000,100,2,8,113.53484
5000,100,4,8,1.13295
5000,100,4,8,1.135982
5000,100,4,8,1.132092
5000,100,4,8,1.134079
5000,100,4,8,1.133686
5000,100,4,8,1.137563
5000,100,4,8,1.133116
5000,100,4,8,1.137268
5000,100,4,8,1.133137
5000,100,4,8,1.133609
8000,100,4,8,2.829013
8000,100,4,8,2.824708
8000,100,4,8,2.824569
8000,100,4,8,2.831651
8000,100,4,8,2.828996
8000,100,4,8,2.82375
8000,100,4,8,2.83096
8000,100,4,8,2.832311
8000,100,4,8,2.836879
8000,100,4,8,2.827314
12000,100,4,8,6.35691
12000,100,4,8,6.360366
12000,100,4,8,6.354805
12000,100,4,8,6.346045
12000,100,4,8,6.357108
12000,100,4,8,6.359368
12000,100,4,8,6.356623
12000,100,4,8,6.368144
12000,100,4,8,6.363815
12000,100,4,8,6.365921
15000,100,4,8,10.003016
15000,100,4,8,10.012464
15000,100,4,8,10.033941
15000,100,4,8,10.015232
15000,100,4,8,10.004661
15000,100,4,8,10.008505
15000,100,4,8,10.006086
15000,100,4,8,9.99925
15000,100,4,8,10.009656
15000,100,4,8,10.003633
5000,100,6,8,0.765898
5000,100,6,8,0.766845
5000,100,6,8,0.765221
5000,100,6,8,0.764926
5000,100,6,8,0.767839
5000,100,6,8,0.764799
5000,100,6,8,0.762946
5000,100,6,8,0.7646
5000,100,6,8,0.764433
5000,100,6,8,0.763657
8000,100,6,8,1.911109
8000,100,6,8,1.911771
8000,100,6,8,1.91099
8000,100,6,8,1.910177
8000,100,6,8,1.910251
8000,100,6,8,1.910977
8000,100,6,8,1.913123
8000,100,6,8,1.909509
8000,100,6,8,1.914718
8000,100,6,8,1.909117
12000,100,6,8,4.287922
12000,100,6,8,4.289281
12000,100,6,8,4.295893
12000,100,6,8,4.293973
12000,100,6,8,4.291143
12000,100,6,8,4.296442
12000,100,6,8,4.288165
12000,100,6,8,4.287439
12000,100,6,8,4.292667
12000,100,6,8,4.290459
15000,100,6,8,6.661692
15000,100,6,8,6.658217
15000,100,6,8,6.637198
15000,100,6,8,6.653475
15000,100,6,8,6.661344
15000,100,6,8,6.663597
15000,100,6,8,6.65841
15000,100,6,8,6.659492
15000,100,6,8,6.658684
15000,100,6,8,6.638323
5000,100,2,12,12.615152
5000,100,2,12,12.607596
5000,100,2,12,12.704339
5000,100,2,12,12.612939
5000,100,2,12,12.649232
5000,100,2,12,12.640267
5000,100,2,12,12.604166
5000,100,2,12,12.613232
5000,100,2,12,12.586941
5000,100,2,12,12.605341
8000,100,2,12,31.999219
8000,100,2,12,32.040153
8000,100,2,12,31.979276
8000,100,2,12,31.953134
8000,100,2,12,32.068889
8000,100,2,12,32.037097
8000,100,2,12,32.054427
8000,100,2,12,32.021234
8000,100,2,12,32.021944
8000,100,2,12,32.038544
12000,100,2,12,72.986974
12000,100,2,12,72.770415
12000,100,2,12,72.881125
12000,100,2,12,73.11129
12000,100,2,12,72.645681
12000,100,2,12,72.717961
12000,100,2,12,72.796535
12000,100,2,12,73.560543
12000,100,2,12,72.820996
12000,100,2,12,72.731063
15000,100,2,12,113.446254
15000,100,2,12,114.169699
15000,100,2,12,113.242864
15000,100,2,12,113.784567
15000,100,2,12,113.429738
15000,100,2,12,113.765843
15000,100,2,12,113.513762
15000,100,2,12,113.361572
15000,100,2,12,113.353721
15000,100,2,12,113.654014
5000,100,4,12,0.854821
5000,100,4,12,0.852774
5000,100,4,12,0.852555
5000,100,4,12,0.854035
5000,100,4,12,0.859059
5000,100,4,12,0.85408
5000,100,4,12,0.851528
5000,100,4,12,0.873502
5000,100,4,12,0.861595
5000,100,4,12,0.852977
8000,100,4,12,2.120481
8000,100,4,12,2.128073
8000,100,4,12,2.121033
8000,100,4,12,2.120348
8000,100,4,12,2.11032
8000,100,4,12,2.116767
8000,100,4,12,2.142742
8000,100,4,12,2.117759
8000,100,4,12,2.12231
8000,100,4,12,2.151096
12000,100,4,12,4.747858
12000,100,4,12,4.750042
12000,100,4,12,4.759955
12000,100,4,12,4.743343
12000,100,4,12,4.749814
12000,100,4,12,4.769602
12000,100,4,12,4.756414
12000,100,4,12,4.747753
12000,100,4,12,4.743966
12000,100,4,12,4.768003
15000,100,4,12,7.541168
15000,100,4,12,7.491227
15000,100,4,12,7.494516
15000,100,4,12,7.509646
15000,100,4,12,7.505036
15000,100,4,12,7.518928
15000,100,4,12,7.536709
15000,100,4,12,7.498773
15000,100,4,12,7.50319
15000,100,4,12,7.544293
5000,100,6,12,0.583234
5000,100,6,12,0.579944
5000,100,6,12,0.581783
5000,100,6,12,0.586068
5000,100,6,12,0.579062
5000,100,6,12,0.584711
5000,100,6,12,0.619795
5000,100,6,12,0.580107
5000,100,6,12,0.582579
5000,100,6,12,0.58208
8000,100,6,12,1.442361
8000,100,6,12,1.444574
8000,100,6,12,1.455024
8000,100,6,12,1.443965
8000,100,6,12,1.443671
8000,100,6,12,1.439297
8000,100,6,12,1.43769
8000,100,6,12,1.444531
8000,100,6,12,1.449463
8000,100,6,12,1.446912
12000,100,6,12,3.223741
12000,100,6,12,3.235479
12000,100,6,12,3.223455
12000,100,6,12,3.222312
12000,100,6,12,3.232161
12000,100,6,12,3.224255
12000,100,6,12,3.225457
12000,100,6,12,3.217918
12000,100,6,12,3.228114
12000,100,6,12,3.237126
15000,100,6,12,4.995512
15000,100,6,12,5.007182
15000,100,6,12,4.99864
15000,100,6,12,4.980052
15000,100,6,12,4.983588
15000,100,6,12,4.990888
15000,100,6,12,4.998924
15000,100,6,12,4.981836
15000,100,6,12,4.996354
15000,100,6,12,5.009909
500,500,6,12,0.04948
500,500,6,12,0.047153
500,500,6,12,0.046954
500,500,6,12,0.047286
500,500,6,12,0.047382
500,500,6,12,0.047438
500,500,6,12,0.047912
500,500,6,12,0.046825
500,500,6,12,0.045483
1000,500,6,12,0.134685
1000,500,6,12,0.136831
1000,500,6,12,0.13803
1000,500,6,12,0.13567
1000,500,6,12,0.136222
1000,500,6,12,0.134125
1000,500,6,12,0.135145
1000,500,6,12,0.134081
1000,500,6,12,0.138148
1000,500,6,12,0.136752
2000,500,6,12,0.438397
2000,500,6,12,0.437133
2000,500,6,12,0.440347
2000,500,6,12,0.437534
2000,500,6,12,0.439088
2000,500,6,12,0.437512
2000,500,6,12,0.4384
2000,500,6,12,0.435452
2000,500,6,12,0.437559
2000,500,6,12,0.435379
3000,500,6,12,0.976062
3000,500,6,12,0.956706
3000,500,6,12,0.958038
3000,500,6,12,0.960251
3000,500,6,12,0.959333
3000,500,6,12,0.960338
3000,500,6,12,0.957344
3000,500,6,12,0.960384
3000,500,6,12,0.958651
3000,500,6,12,0.96243
4000,500,6,12,1.680161
4000,500,6,12,1.67528
4000,500,6,12,1.675374
4000,500,6,12,1.675886
4000,500,6,12,1.679676
4000,500,6,12,1.67594
4000,500,6,12,1.677345
4000,500,6,12,1.676454
4000,500,6,12,1.679946
4000,500,6,12,1.689668
5000,500,6,12,2.659577
5000,500,6,12,2.671714
5000,500,6,12,2.660533
5000,500,6,12,2.661741
5000,500,6,12,2.668148
5000,500,6,12,2.647393
5000,500,6,12,2.652724
5000,500,6,12,2.657415
5000,500,6,12,2.647292
5000,500,6,12,2.65024
6000,500,6,12,3.789395
6000,500,6,12,3.787593
6000,500,6,12,3.78407
6000,500,6,12,3.79501
6000,500,6,12,3.792571
6000,500,6,12,3.783362
6000,500,6,12,3.783505
6000,500,6,12,3.783622
6000,500,6,12,3.790785
6000,500,6,12,3.783979
7000,500,6,12,5.091244
7000,500,6,12,5.121065
7000,500,6,12,5.099237
7000,500,6,12,5.097974
7000,500,6,12,5.115964
7000,500,6,12,5.098568
7000,500,6,12,5.092973
7000,500,6,12,5.088533
7000,500,6,12,5.092713
7000,500,6,12,5.105527
8000,500,6,12,6.609878
8000,500,6,12,6.602908
8000,500,6,12,6.606464
8000,500,6,12,6.59283
8000,500,6,12,6.609998
8000,500,6,12,6.611398
8000,500,6,12,6.611135
8000,500,6,12,6.594373
8000,500,6,12,6.605137
8000,500,6,12,6.597787
9000,500,6,12,8.471589
9000,500,6,12,8.472211
9000,500,6,12,8.483806
9000,500,6,12,8.48127
9000,500,6,12,8.508315
9000,500,6,12,8.470843
9000,500,6,12,8.480905
9000,500,6,12,8.490771
9000,500,6,12,8.485983
9000,500,6,12,8.484687
10000,500,6,12,10.268688
10000,500,6,12,10.301754
10000,500,6,12,10.278814
10000,500,6,12,10.296589
10000,500,6,12,10.288539
10000,500,6,12,10.282174
10000,500,6,12,10.264438
10000,500,6,12,10.242776
10000,500,6,12,10.26467
10000,500,6,12,10.250396
500,50,2,4,0.072097
500,50,2,4,0.067975
500,50,2,4,0.066656
500,50,2,4,0.067439
500,50,2,4,0.067889
500,50,2,4,0.067828
500,50,2,4,0.067735
500,50,2,4,0.072067
500,50,2,4,0.068007
500,50,2,4,0.067887
1000,50,2,4,0.282301
1000,50,2,4,0.266713
1000,50,2,4,0.267234
1000,50,2,4,0.282762
1000,50,2,4,0.276569
1000,50,2,4,0.26593
1000,50,2,4,0.282384
1000,50,2,4,0.265881
1000,50,2,4,0.266856
1000,50,2,4,0.266461
2000,50,2,4,1.078977
2000,50,2,4,1.067507
2000,50,2,4,1.071751
2000,50,2,4,1.070945
2000,50,2,4,1.068718
2000,50,2,4,1.09019
2000,50,2,4,1.09935
2000,50,2,4,1.140555
2000,50,2,4,1.067353
2000,50,2,4,1.097516
3000,50,2,4,2.472876
3000,50,2,4,2.444846
3000,50,2,4,2.416885
3000,50,2,4,2.414892
3000,50,2,4,2.477202
3000,50,2,4,2.419423
3000,50,2,4,2.439937
3000,50,2,4,2.41463
3000,50,2,4,2.420459
3000,50,2,4,2.439463
500,100,2,4,0.126241
500,100,2,4,0.133467
500,100,2,4,0.127038
500,100,2,4,0.133958
500,100,2,4,0.132588
500,100,2,4,0.12632
500,100,2,4,0.132719
500,100,2,4,0.126185
500,100,2,4,0.125553
500,100,2,4,0.125669
1000,100,2,4,0.529172
1000,100,2,4,0.544314
1000,100,2,4,0.49838
1000,100,2,4,0.495946
1000,100,2,4,0.525616
1000,100,2,4,0.542499
1000,100,2,4,0.537435
1000,100,2,4,0.49594
1000,100,2,4,0.496968
1000,100,2,4,0.51794
2000,100,2,4,2.001198
2000,100,2,4,2.005412
2000,100,2,4,2.005552
2000,100,2,4,2.088956
2000,100,2,4,2.020319
2000,100,2,4,2.003185
2000,100,2,4,2.004653
2000,100,2,4,1.99618
2000,100,2,4,2.076816
2000,100,2,4,2.008148
3000,100,2,4,4.539162
3000,100,2,4,4.517402
3000,100,2,4,4.53819
3000,100,2,4,4.610228
3000,100,2,4,4.525511
3000,100,2,4,4.532844
3000,100,2,4,4.554201
3000,100,2,4,4.536672
3000,100,2,4,4.534158
3000,100,2,4,4.52636
500,200,2,4,0.235826
500,200,2,4,0.235091
500,200,2,4,0.234405
500,200,2,4,0.23435
500,200,2,4,0.235706
500,200,2,4,0.234564
500,200,2,4,0.235198
500,200,2,4,0.252839
500,200,2,4,0.23496
500,200,2,4,0.249082
1000,200,2,4,0.935189
1000,200,2,4,0.934732
1000,200,2,4,0.935239
1000,200,2,4,0.955566
1000,200,2,4,0.945343
1000,200,2,4,0.930926
1000,200,2,4,0.963872
1000,200,2,4,0.932545
1000,200,2,4,0.937403
1000,200,2,4,0.938715
2000,200,2,4,3.800411
2000,200,2,4,3.788629
2000,200,2,4,3.78612
2000,200,2,4,3.786366
2000,200,2,4,3.815798
2000,200,2,4,3.7943
2000,200,2,4,3.784774
2000,200,2,4,3.784529
2000,200,2,4,3.792196
2000,200,2,4,3.790149
3000,200,2,4,8.59109
3000,200,2,4,8.569671
3000,200,2,4,8.580464
3000,200,2,4,8.568009
3000,200,2,4,8.570415
3000,200,2,4,8.570388
3000,200,2,4,8.57161
3000,200,2,4,8.576919
3000,200,2,4,8.5731
3000,200,2,4,8.550337
500,500,2,4,0.544032
500,500,2,4,0.543161
500,500,2,4,0.57415
500,500,2,4,0.545513
500,500,2,4,0.5477
500,500,2,4,0.574693
500,500,2,4,0.545816
500,500,2,4,0.544209
500,500,2,4,0.548757
500,500,2,4,0.548428
1000,500,2,4,2.187064
1000,500,2,4,2.176588
1000,500,2,4,2.177362
1000,500,2,4,2.195774
1000,500,2,4,2.182531
1000,500,2,4,2.218894
1000,500,2,4,2.179068
1000,500,2,4,2.200016
1000,500,2,4,2.183188
1000,500,2,4,2.182788
2000,500,2,4,8.924259
2000,500,2,4,8.929162
2000,500,2,4,8.946601
2000,500,2,4,8.91049
2000,500,2,4,8.957678
2000,500,2,4,8.938444
2000,500,2,4,8.925158
2000,500,2,4,8.945488
2000,500,2,4,8.962312
2000,500,2,4,8.957976
3000,500,2,4,20.204234
3000,500,2,4,20.230164
3000,500,2,4,20.226018
3000,500,2,4,20.19798
3000,500,2,4,20.196444
3000,500,2,4,20.25391
3000,500,2,4,20.281646
3000,500,2,4,20.253522
3000,500,2,4,20.247988
3000,500,2,4,20.217743
500,50,4,4,0.012713
500,50,4,4,0.01264
500,50,4,4,0.012574
500,50,4,4,0.012638
500,50,4,4,0.012858
500,50,4,4,0.012664
500,50,4,4,0.012606
500,50,4,4,0.01295
500,50,4,4,0.012891
500,50,4,4,0.01267
1000,50,4,4,0.04654
1000,50,4,4,0.045895
1000,50,4,4,0.045085
1000,50,4,4,0.045006
1000,50,4,4,0.044801
1000,50,4,4,0.045007
1000,50,4,4,0.045834
1000,50,4,4,0.045214
1000,50,4,4,0.044943
1000,50,4,4,0.044791
2000,50,4,4,0.165389
2000,50,4,4,0.165039
2000,50,4,4,0.165701
2000,50,4,4,0.164605
2000,50,4,4,0.166308
2000,50,4,4,0.165278
2000,50,4,4,0.164109
2000,50,4,4,0.165615
2000,50,4,4,0.163255
2000,50,4,4,0.164427
3000,50,4,4,0.368752
3000,50,4,4,0.369304
3000,50,4,4,0.369108
3000,50,4,4,0.368767
3000,50,4,4,0.367557
3000,50,4,4,0.367721
3000,50,4,4,0.367804
3000,50,4,4,0.368595
3000,50,4,4,0.368328
3000,50,4,4,0.368565
500,100,4,4,0.023395
500,100,4,4,0.023396
500,100,4,4,0.023894
500,100,4,4,0.023486
500,100,4,4,0.023466
500,100,4,4,0.023499
500,100,4,4,0.024442
500,100,4,4,0.023789
500,100,4,4,0.023648
500,100,4,4,0.023339
1000,100,4,4,0.084773
1000,100,4,4,0.082591
1000,100,4,4,0.082414
1000,100,4,4,0.084476
1000,100,4,4,0.083396
1000,100,4,4,0.082392
1000,100,4,4,0.082427
1000,100,4,4,0.082821
1000,100,4,4,0.082848
1000,100,4,4,0.083454
2000,100,4,4,0.308071
2000,100,4,4,0.308579
2000,100,4,4,0.306841
2000,100,4,4,0.307877
2000,100,4,4,0.307607
2000,100,4,4,0.309427
2000,100,4,4,0.308222
2000,100,4,4,0.310001
2000,100,4,4,0.314004
2000,100,4,4,0.30885
3000,100,4,4,0.695049
3000,100,4,4,0.697236
3000,100,4,4,0.693466
3000,100,4,4,0.695844
3000,100,4,4,0.695815
3000,100,4,4,0.694998
3000,100,4,4,0.699709
3000,100,4,4,0.694656
3000,100,4,4,0.695505
3000,100,4,4,0.695971
500,200,4,4,0.044016
500,200,4,4,0.044794
500,200,4,4,0.043562
500,200,4,4,0.043793
500,200,4,4,0.043871
500,200,4,4,0.043495
500,200,4,4,0.043572
500,200,4,4,0.04395
500,200,4,4,0.043875
500,200,4,4,0.043535
1000,200,4,4,0.154405
1000,200,4,4,0.153878
1000,200,4,4,0.154006
1000,200,4,4,0.155994
1000,200,4,4,0.153838
1000,200,4,4,0.15472
1000,200,4,4,0.153381
1000,200,4,4,0.153144
1000,200,4,4,0.154305
1000,200,4,4,0.154421
2000,200,4,4,0.583284
2000,200,4,4,0.580436
2000,200,4,4,0.584679
2000,200,4,4,0.58371
2000,200,4,4,0.581661
2000,200,4,4,0.58363
2000,200,4,4,0.582436
2000,200,4,4,0.58022
2000,200,4,4,0.583314
2000,200,4,4,0.581673
3000,200,4,4,1.311266
3000,200,4,4,1.311124
3000,200,4,4,1.312915
3000,200,4,4,1.342219
3000,200,4,4,1.313634
3000,200,4,4,1.315528
3000,200,4,4,1.311252
3000,200,4,4,1.3106
3000,200,4,4,1.312808
3000,200,4,4,1.313647
500,500,4,4,0.101138
500,500,4,4,0.100195
500,500,4,4,0.100948
500,500,4,4,0.099601
500,500,4,4,0.100579
500,500,4,4,0.099694
500,500,4,4,0.100192
500,500,4,4,0.099839
500,500,4,4,0.09967
500,500,4,4,0.100017
1000,500,4,4,0.361506
1000,500,4,4,0.362593
1000,500,4,4,0.359906
1000,500,4,4,0.356486
1000,500,4,4,0.356867
1000,500,4,4,0.357571
1000,500,4,4,0.357773
1000,500,4,4,0.358236
1000,500,4,4,0.357528
1000,500,4,4,0.355952
2000,500,4,4,1.370274
2000,500,4,4,1.369424
2000,500,4,4,1.369745
2000,500,4,4,1.372852
2000,500,4,4,1.36681
2000,500,4,4,1.374045
2000,500,4,4,1.37149
2000,500,4,4,1.370878
2000,500,4,4,1.364714
2000,500,4,4,1.368808
3000,500,4,4,3.077859
3000,500,4,4,3.08529
3000,500,4,4,3.080083
3000,500,4,4,3.078428
3000,500,4,4,3.082893
3000,500,4,4,3.090121
3000,500,4,4,3.0889
3000,500,4,4,3.081789
3000,500,4,4,3.086451
3000,500,4,4,3.090212
500,50,6,4,0.009046
500,50,6,4,0.008999
500,50,6,4,0.008896
500,50,6,4,0.009045
500,50,6,4,0.008959
500,50,6,4,0.008995
500,50,6,4,0.008917
500,50,6,4,0.009065
500,50,6,4,0.008937
500,50,6,4,0.008966
1000,50,6,4,0.030998
1000,50,6,4,0.031535
1000,50,6,4,0.031284
1000,50,6,4,0.030908
1000,50,6,4,0.031166
1000,50,6,4,0.031109
1000,50,6,4,0.031553
1000,50,6,4,0.031224
1000,50,6,4,0.031331
1000,50,6,4,0.031058
2000,50,6,4,0.11194
2000,50,6,4,0.112991
2000,50,6,4,0.113047
2000,50,6,4,0.112527
2000,50,6,4,0.114863
2000,50,6,4,0.11357
2000,50,6,4,0.112599
2000,50,6,4,0.113654
2000,50,6,4,0.113428
2000,50,6,4,0.11241
3000,50,6,4,0.248824
3000,50,6,4,0.246752
3000,50,6,4,0.245455
3000,50,6,4,0.246662
3000,50,6,4,0.246002
3000,50,6,4,0.245953
3000,50,6,4,0.246694
3000,50,6,4,0.246339
3000,50,6,4,0.24623
3000,50,6,4,0.246004
500,100,6,4,0.016477
500,100,6,4,0.0166
500,100,6,4,0.016694
500,100,6,4,0.016561
500,100,6,4,0.016681
500,100,6,4,0.01679
500,100,6,4,0.016679
500,100,6,4,0.016545
500,100,6,4,0.016654
500,100,6,4,0.016409
1000,100,6,4,0.057453
1000,100,6,4,0.057519
1000,100,6,4,0.057624
1000,100,6,4,0.057916
1000,100,6,4,0.058078
1000,100,6,4,0.057399
1000,100,6,4,0.058007
1000,100,6,4,0.058075
1000,100,6,4,0.059098
1000,100,6,4,0.057403
2000,100,6,4,0.209348
2000,100,6,4,0.208509
2000,100,6,4,0.209007
2000,100,6,4,0.209182
2000,100,6,4,0.209753
2000,100,6,4,0.210127
2000,100,6,4,0.208409
2000,100,6,4,0.208569
2000,100,6,4,0.210089
2000,100,6,4,0.208732
3000,100,6,4,0.46689
3000,100,6,4,0.467536
3000,100,6,4,0.465006
3000,100,6,4,0.465552
3000,100,6,4,0.469084
3000,100,6,4,0.466401
3000,100,6,4,0.475473
3000,100,6,4,0.463613
3000,100,6,4,0.47073
3000,100,6,4,0.466135
500,200,6,4,0.03146
500,200,6,4,0.031329
500,200,6,4,0.031401
500,200,6,4,0.031289
500,200,6,4,0.030976
500,200,6,4,0.031277
500,200,6,4,0.03158
500,200,6,4,0.031175
500,200,6,4,0.031075
500,200,6,4,0.031308
1000,200,6,4,0.107118
1000,200,6,4,0.107842
1000,200,6,4,0.106753
1000,200,6,4,0.107619
1000,200,6,4,0.106814
1000,200,6,4,0.106978
1000,200,6,4,0.106594
1000,200,6,4,0.107223
1000,200,6,4,0.108417
1000,200,6,4,0.106602
2000,200,6,4,0.39486
2000,200,6,4,0.394069
2000,200,6,4,0.394228
2000,200,6,4,0.393452
2000,200,6,4,0.394663
2000,200,6,4,0.393812
2000,200,6,4,0.392738
2000,200,6,4,0.393816
2000,200,6,4,0.393632
2000,200,6,4,0.394074
3000,200,6,4,0.881689
3000,200,6,4,0.879508
3000,200,6,4,0.878239
3000,200,6,4,0.887349
3000,200,6,4,0.883577
3000,200,6,4,0.878953
3000,200,6,4,0.877773
3000,200,6,4,0.879096
3000,200,6,4,0.878352
3000,200,6,4,0.881052
500,500,6,4,0.071748
500,500,6,4,0.072558
500,500,6,4,0.07152
500,500,6,4,0.071905
500,500,6,4,0.072594
500,500,6,4,0.071777
500,500,6,4,0.071518
500,500,6,4,0.071329
500,500,6,4,0.071405
500,500,6,4,0.072331
1000,500,6,4,0.246649
1000,500,6,4,0.246923
1000,500,6,4,0.248385
1000,500,6,4,0.247716
1000,500,6,4,0.248189
1000,500,6,4,0.246728
1000,500,6,4,0.245781
1000,500,6,4,0.247428
1000,500,6,4,0.248607
1000,500,6,4,0.247758
2000,500,6,4,0.932884
2000,500,6,4,0.933002
2000,500,6,4,0.92857
2000,500,6,4,0.930982
2000,500,6,4,0.928606
2000,500,6,4,0.931551
2000,500,6,4,0.929697
2000,500,6,4,0.935359
2000,500,6,4,0.930549
2000,500,6,4,0.927667
3000,500,6,4,2.062514
3000,500,6,4,2.063664
3000,500,6,4,2.063088
3000,500,6,4,2.06875
3000,500,6,4,2.063823
3000,500,6,4,2.059203
3000,500,6,4,2.073466
3000,500,6,4,2.062456
3000,500,6,4,2.061307
3000,500,6,4,2.064483
500,50,2,8,0.06929
500,50,2,8,0.067487
500,50,2,8,0.069127
500,50,2,8,0.072719
500,50,2,8,0.072062
500,50,2,8,0.069035
500,50,2,8,0.072942
500,50,2,8,0.071858
500,50,2,8,0.069176
500,50,2,8,0.073168
1000,50,2,8,0.266472
1000,50,2,8,0.284255
1000,50,2,8,0.28413
1000,50,2,8,0.268619
1000,50,2,8,0.267291
1000,50,2,8,0.284763
1000,50,2,8,0.267761
1000,50,2,8,0.284556
1000,50,2,8,0.276758
1000,50,2,8,0.283754
2000,50,2,8,1.079403
2000,50,2,8,1.109512
2000,50,2,8,1.08433
2000,50,2,8,1.098763
2000,50,2,8,1.088484
2000,50,2,8,1.110633
2000,50,2,8,1.084843
2000,50,2,8,1.070485
2000,50,2,8,1.07119
2000,50,2,8,1.100484
3000,50,2,8,2.426539
3000,50,2,8,2.413712
3000,50,2,8,2.425458
3000,50,2,8,2.414965
3000,50,2,8,2.423562
3000,50,2,8,2.412753
3000,50,2,8,2.416643
3000,50,2,8,2.410174
3000,50,2,8,2.414202
3000,50,2,8,2.420811
500,100,2,8,0.136248
500,100,2,8,0.135073
500,100,2,8,0.128051
500,100,2,8,0.128169
500,100,2,8,0.135731
500,100,2,8,0.127236
500,100,2,8,0.127134
500,100,2,8,0.135559
500,100,2,8,0.12859
500,100,2,8,0.12797
1000,100,2,8,0.499862
1000,100,2,8,0.529605
1000,100,2,8,0.496988
1000,100,2,8,0.5194
1000,100,2,8,0.499117
1000,100,2,8,0.499493
1000,100,2,8,0.498898
1000,100,2,8,0.498163
1000,100,2,8,0.498888
1000,100,2,8,0.49974
2000,100,2,8,2.003213
2000,100,2,8,2.000812
2000,100,2,8,2.056409
2000,100,2,8,2.011489
2000,100,2,8,2.009332
2000,100,2,8,2.015096
2000,100,2,8,2.007822
2000,100,2,8,2.115831
2000,100,2,8,2.005504
2000,100,2,8,2.032215
3000,100,2,8,4.533263
3000,100,2,8,4.535256
3000,100,2,8,4.534946
3000,100,2,8,4.525867
3000,100,2,8,4.523239
3000,100,2,8,4.536435
3000,100,2,8,4.52648
3000,100,2,8,4.52897
3000,100,2,8,4.528719
3000,100,2,8,4.536816
500,200,2,8,0.241736
500,200,2,8,0.238777
500,200,2,8,0.239237
500,200,2,8,0.239183
500,200,2,8,0.238674
500,200,2,8,0.2522
500,200,2,8,0.243226
500,200,2,8,0.239204
500,200,2,8,0.240208
500,200,2,8,0.239323
1000,200,2,8,0.938293
1000,200,2,8,0.939184
1000,200,2,8,0.936363
1000,200,2,8,0.945998
1000,200,2,8,0.93756
1000,200,2,8,0.938065
1000,200,2,8,0.935964
1000,200,2,8,0.93709
1000,200,2,8,0.953567
1000,200,2,8,0.984564
2000,200,2,8,3.829701
2000,200,2,8,3.788867
2000,200,2,8,3.791692
2000,200,2,8,3.801908
2000,200,2,8,3.786421
2000,200,2,8,3.791447
2000,200,2,8,3.788955
2000,200,2,8,3.792558
2000,200,2,8,3.782266
2000,200,2,8,3.773168
3000,200,2,8,8.549703
3000,200,2,8,8.558609
3000,200,2,8,8.588907
3000,200,2,8,8.565134
3000,200,2,8,8.575155
3000,200,2,8,8.568236
3000,200,2,8,8.560937
3000,200,2,8,8.553713
3000,200,2,8,8.570792
3000,200,2,8,8.570739
500,500,2,8,0.555006
500,500,2,8,0.555246
500,500,2,8,0.551871
500,500,2,8,0.554665
500,500,2,8,0.551064
500,500,2,8,0.55004
500,500,2,8,0.578239
500,500,2,8,0.553178
500,500,2,8,0.557984
500,500,2,8,0.554476
1000,500,2,8,2.217715
1000,500,2,8,2.189667
1000,500,2,8,2.182195
1000,500,2,8,2.192662
1000,500,2,8,2.179295
1000,500,2,8,2.185641
1000,500,2,8,2.214456
1000,500,2,8,2.194509
1000,500,2,8,2.189964
1000,500,2,8,2.177379
2000,500,2,8,8.927895
2000,500,2,8,8.933128
2000,500,2,8,8.93192
2000,500,2,8,8.930337
2000,500,2,8,8.940939
2000,500,2,8,8.910622
2000,500,2,8,8.921667
2000,500,2,8,8.922304
2000,500,2,8,8.928099
2000,500,2,8,8.921293
3000,500,2,8,20.315207
3000,500,2,8,20.243843
3000,500,2,8,20.213494
3000,500,2,8,20.256134
3000,500,2,8,20.240601
3000,500,2,8,20.250867
3000,500,2,8,20.301319
3000,500,2,8,20.28155
3000,500,2,8,20.234517
3000,500,2,8,20.233853
500,50,4,8,0.00873
500,50,4,8,0.008626
500,50,4,8,0.008609
500,50,4,8,0.008603
500,50,4,8,0.00852
500,50,4,8,0.009565
500,50,4,8,0.008481
500,50,4,8,0.008677
500,50,4,8,0.008569
500,50,4,8,0.008605
1000,50,4,8,0.028354
1000,50,4,8,0.028103
1000,50,4,8,0.029686
1000,50,4,8,0.028226
1000,50,4,8,0.027915
1000,50,4,8,0.028237
1000,50,4,8,0.028281
1000,50,4,8,0.028206
1000,50,4,8,0.028751
1000,50,4,8,0.02846
2000,50,4,8,0.096915
2000,50,4,8,0.099857
2000,50,4,8,0.098545
2000,50,4,8,0.098092
2000,50,4,8,0.096928
2000,50,4,8,0.1002
2000,50,4,8,0.098075
2000,50,4,8,0.099383
2000,50,4,8,0.097308
2000,50,4,8,0.097458
3000,50,4,8,0.216257
3000,50,4,8,0.216567
3000,50,4,8,0.216455
3000,50,4,8,0.216057
3000,50,4,8,0.2163
3000,50,4,8,0.216341
3000,50,4,8,0.215551
3000,50,4,8,0.216134
3000,50,4,8,0.21578
3000,50,4,8,0.21582
500,100,4,8,0.015769
500,100,4,8,0.01567
500,100,4,8,0.015871
500,100,4,8,0.015732
500,100,4,8,0.015879
500,100,4,8,0.015844
500,100,4,8,0.015814
500,100,4,8,0.016949
500,100,4,8,0.015895
500,100,4,8,0.01592
1000,100,4,8,0.051759
1000,100,4,8,0.052645
1000,100,4,8,0.052564
1000,100,4,8,0.053574
1000,100,4,8,0.052344
1000,100,4,8,0.05352
1000,100,4,8,0.052616
1000,100,4,8,0.05351
1000,100,4,8,0.053553
1000,100,4,8,0.052345
2000,100,4,8,0.182806
2000,100,4,8,0.183656
2000,100,4,8,0.185086
2000,100,4,8,0.183984
2000,100,4,8,0.183576
2000,100,4,8,0.18416
2000,100,4,8,0.184345
2000,100,4,8,0.183628
2000,100,4,8,0.183403
2000,100,4,8,0.182224
3000,100,4,8,0.406542
3000,100,4,8,0.40632
3000,100,4,8,0.406673
3000,100,4,8,0.406293
3000,100,4,8,0.406599
3000,100,4,8,0.406398
3000,100,4,8,0.406182
3000,100,4,8,0.406444
3000,100,4,8,0.406334
3000,100,4,8,0.410568
500,200,4,8,0.029545
500,200,4,8,0.029669
500,200,4,8,0.02979
500,200,4,8,0.029473
500,200,4,8,0.029535
500,200,4,8,0.029702
500,200,4,8,0.029587
500,200,4,8,0.029629
500,200,4,8,0.029493
500,200,4,8,0.030024
1000,200,4,8,0.097274
1000,200,4,8,0.097751
1000,200,4,8,0.097859
1000,200,4,8,0.098005
1000,200,4,8,0.099532
1000,200,4,8,0.099989
1000,200,4,8,0.096897
1000,200,4,8,0.099142
1000,200,4,8,0.097682
1000,200,4,8,0.099802
2000,200,4,8,0.345316
2000,200,4,8,0.346984
2000,200,4,8,0.348227
2000,200,4,8,0.347192
2000,200,4,8,0.345019
2000,200,4,8,0.345512
2000,200,4,8,0.347968
2000,200,4,8,0.349244
2000,200,4,8,0.347256
2000,200,4,8,0.346891
3000,200,4,8,0.778797
3000,200,4,8,0.77821
3000,200,4,8,0.779428
3000,200,4,8,0.77845
3000,200,4,8,0.778025
3000,200,4,8,0.776671
3000,200,4,8,0.779475
3000,200,4,8,0.777748
3000,200,4,8,0.778084
3000,200,4,8,0.778907
500,500,4,8,0.067638
500,500,4,8,0.06765
500,500,4,8,0.067144
500,500,4,8,0.068213
500,500,4,8,0.067656
500,500,4,8,0.067405
500,500,4,8,0.067024
500,500,4,8,0.067836
500,500,4,8,0.067517
500,500,4,8,0.067691
1000,500,4,8,0.225719
1000,500,4,8,0.225374
1000,500,4,8,0.227556
1000,500,4,8,0.226151
1000,500,4,8,0.227578
1000,500,4,8,0.224987
1000,500,4,8,0.225343
1000,500,4,8,0.22345
1000,500,4,8,0.224814
1000,500,4,8,0.226045
2000,500,4,8,0.819585
2000,500,4,8,0.823114
2000,500,4,8,0.821599
2000,500,4,8,0.821988
2000,500,4,8,0.822242
2000,500,4,8,0.821166
2000,500,4,8,0.823821
2000,500,4,8,0.819748
2000,500,4,8,0.830044
2000,500,4,8,0.822719
3000,500,4,8,1.835787
3000,500,4,8,1.836115
3000,500,4,8,1.837043
3000,500,4,8,1.837699
3000,500,4,8,1.836337
3000,500,4,8,1.836372
3000,500,4,8,1.838104
3000,500,4,8,1.834532
3000,500,4,8,1.835388
3000,500,4,8,1.836935
500,50,6,8,0.006337
500,50,6,8,0.006391
500,50,6,8,0.006405
500,50,6,8,0.006307
500,50,6,8,0.006401
500,50,6,8,0.006331
500,50,6,8,0.006275
500,50,6,8,0.006314
500,50,6,8,0.006362
500,50,6,8,0.00632
1000,50,6,8,0.019825
1000,50,6,8,0.019964
1000,50,6,8,0.02058
1000,50,6,8,0.019862
1000,50,6,8,0.020028
1000,50,6,8,0.020072
1000,50,6,8,0.020006
1000,50,6,8,0.019748
1000,50,6,8,0.019634
1000,50,6,8,0.019872
2000,50,6,8,0.067629
2000,50,6,8,0.069122
2000,50,6,8,0.066318
2000,50,6,8,0.06716
2000,50,6,8,0.066586
2000,50,6,8,0.06837
2000,50,6,8,0.066779
2000,50,6,8,0.066663
2000,50,6,8,0.068898
2000,50,6,8,0.066486
3000,50,6,8,0.146312
3000,50,6,8,0.145299
3000,50,6,8,0.145188
3000,50,6,8,0.145543
3000,50,6,8,0.146384
3000,50,6,8,0.145291
3000,50,6,8,0.146235
3000,50,6,8,0.146112
3000,50,6,8,0.145716
3000,50,6,8,0.146
500,100,6,8,0.01178
500,100,6,8,0.011591
500,100,6,8,0.011785
500,100,6,8,0.011854
500,100,6,8,0.011805
500,100,6,8,0.011836
500,100,6,8,0.01182
500,100,6,8,0.012706
500,100,6,8,0.011697
500,100,6,8,0.011785
1000,100,6,8,0.036987
1000,100,6,8,0.037022
1000,100,6,8,0.036895
1000,100,6,8,0.037019
1000,100,6,8,0.03668
1000,100,6,8,0.037089
1000,100,6,8,0.037629
1000,100,6,8,0.03764
1000,100,6,8,0.036948
1000,100,6,8,0.037283
2000,100,6,8,0.125883
2000,100,6,8,0.126084
2000,100,6,8,0.124561
2000,100,6,8,0.125756
2000,100,6,8,0.128108
2000,100,6,8,0.125196
2000,100,6,8,0.125821
2000,100,6,8,0.125166
2000,100,6,8,0.124947
2000,100,6,8,0.124231
3000,100,6,8,0.274124
3000,100,6,8,0.275811
3000,100,6,8,0.276002
3000,100,6,8,0.278482
3000,100,6,8,0.274192
3000,100,6,8,0.273598
3000,100,6,8,0.273206
3000,100,6,8,0.274678
3000,100,6,8,0.273355
3000,100,6,8,0.273513
500,200,6,8,0.022
500,200,6,8,0.022957
500,200,6,8,0.022071
500,200,6,8,0.022002
500,200,6,8,0.021794
500,200,6,8,0.022124
500,200,6,8,0.021941
500,200,6,8,0.022204
500,200,6,8,0.022799
500,200,6,8,0.022091
1000,200,6,8,0.069393
1000,200,6,8,0.069064
1000,200,6,8,0.069418
1000,200,6,8,0.07025
1000,200,6,8,0.06918
1000,200,6,8,0.070114
1000,200,6,8,0.06854
1000,200,6,8,0.068787
1000,200,6,8,0.069192
1000,200,6,8,0.06992
2000,200,6,8,0.236931
2000,200,6,8,0.237082
2000,200,6,8,0.235209
2000,200,6,8,0.235421
2000,200,6,8,0.239548
2000,200,6,8,0.236686
2000,200,6,8,0.235158
2000,200,6,8,0.236993
2000,200,6,8,0.236465
2000,200,6,8,0.235247
3000,200,6,8,0.528731
3000,200,6,8,0.525938
3000,200,6,8,0.523367
3000,200,6,8,0.525386
3000,200,6,8,0.524431
3000,200,6,8,0.525805
3000,200,6,8,0.523975
3000,200,6,8,0.524192
3000,200,6,8,0.524631
3000,200,6,8,0.524923
500,500,6,8,0.050164
500,500,6,8,0.050359
500,500,6,8,0.050331
500,500,6,8,0.050283
500,500,6,8,0.050042
500,500,6,8,0.049629
500,500,6,8,0.050266
500,500,6,8,0.05027
500,500,6,8,0.050638
500,500,6,8,0.050799
1000,500,6,8,0.159122
1000,500,6,8,0.158823
1000,500,6,8,0.159877
1000,500,6,8,0.159115
1000,500,6,8,0.159217
1000,500,6,8,0.157975
1000,500,6,8,0.159093
1000,500,6,8,0.159058
1000,500,6,8,0.157781
1000,500,6,8,0.159448
2000,500,6,8,0.555565
2000,500,6,8,0.559159
2000,500,6,8,0.555875
2000,500,6,8,0.556161
2000,500,6,8,0.555595
2000,500,6,8,0.558488
2000,500,6,8,0.56012
2000,500,6,8,0.559261
2000,500,6,8,0.559961
2000,500,6,8,0.562865
3000,500,6,8,1.248644
3000,500,6,8,1.238875
3000,500,6,8,1.243876
3000,500,6,8,1.240418
3000,500,6,8,1.240765
3000,500,6,8,1.237818
3000,500,6,8,1.237225
3000,500,6,8,1.240282
3000,500,6,8,1.242067
3000,500,6,8,1.239276
500,50,2,12,0.073993
500,50,2,12,0.070245
500,50,2,12,0.070166
500,50,2,12,0.073884
500,50,2,12,0.073592
500,50,2,12,0.069692
500,50,2,12,0.070422
500,50,2,12,0.074585
500,50,2,12,0.070234
500,50,2,12,0.069772
1000,50,2,12,0.268623
1000,50,2,12,0.284701
1000,50,2,12,0.269424
1000,50,2,12,0.269362
1000,50,2,12,0.275082
1000,50,2,12,0.284734
1000,50,2,12,0.267373
1000,50,2,12,0.268451
1000,50,2,12,0.268931
1000,50,2,12,0.269941
2000,50,2,12,1.071986
2000,50,2,12,1.092278
2000,50,2,12,1.104433
2000,50,2,12,1.072303
2000,50,2,12,1.075449
2000,50,2,12,1.072608
2000,50,2,12,1.087282
2000,50,2,12,1.074985
2000,50,2,12,1.081258
2000,50,2,12,1.080655
3000,50,2,12,2.41472
3000,50,2,12,2.41797
3000,50,2,12,2.41238
3000,50,2,12,2.416777
3000,50,2,12,2.418381
3000,50,2,12,2.421492
3000,50,2,12,2.415348
3000,50,2,12,2.416841
3000,50,2,12,2.414759
3000,50,2,12,2.415565
500,100,2,12,0.130073
500,100,2,12,0.136635
500,100,2,12,0.128982
500,100,2,12,0.12958
500,100,2,12,0.129433
500,100,2,12,0.130642
500,100,2,12,0.130068
500,100,2,12,0.136928
500,100,2,12,0.128256
500,100,2,12,0.137764
1000,100,2,12,0.501051
1000,100,2,12,0.50056
1000,100,2,12,0.500738
1000,100,2,12,0.521776
1000,100,2,12,0.532589
1000,100,2,12,0.500292
1000,100,2,12,0.500218
1000,100,2,12,0.501624
1000,100,2,12,0.500544
1000,100,2,12,0.501885
2000,100,2,12,2.003715
2000,100,2,12,2.012244
2000,100,2,12,2.010755
2000,100,2,12,2.006849
2000,100,2,12,2.01216
2000,100,2,12,2.017523
2000,100,2,12,2.024741
2000,100,2,12,2.06382
2000,100,2,12,2.054646
2000,100,2,12,2.009096
3000,100,2,12,4.54119
3000,100,2,12,4.538327
3000,100,2,12,4.538044
3000,100,2,12,4.555406
3000,100,2,12,4.534412
3000,100,2,12,4.541647
3000,100,2,12,4.533981
3000,100,2,12,4.530565
3000,100,2,12,4.539939
3000,100,2,12,4.530445
500,200,2,12,0.243332
500,200,2,12,0.24324
500,200,2,12,0.258513
500,200,2,12,0.243301
500,200,2,12,0.242575
500,200,2,12,0.242096
500,200,2,12,0.241441
500,200,2,12,0.243057
500,200,2,12,0.243792
500,200,2,12,0.244614
1000,200,2,12,0.943877
1000,200,2,12,0.941238
1000,200,2,12,0.966872
1000,200,2,12,0.941194
1000,200,2,12,0.943816
1000,200,2,12,0.941611
1000,200,2,12,0.940767
1000,200,2,12,0.941449
1000,200,2,12,0.943784
1000,200,2,12,0.941785
2000,200,2,12,3.824622
2000,200,2,12,3.809955
2000,200,2,12,3.794926
2000,200,2,12,3.798912
2000,200,2,12,3.796113
2000,200,2,12,3.814735
2000,200,2,12,3.807965
2000,200,2,12,3.797369
2000,200,2,12,3.840018
2000,200,2,12,3.789629
3000,200,2,12,8.579347
3000,200,2,12,8.604553
3000,200,2,12,8.609578
3000,200,2,12,8.587485
3000,200,2,12,8.58359
3000,200,2,12,8.583344
3000,200,2,12,8.562754
3000,200,2,12,8.57895
3000,200,2,12,8.59033
3000,200,2,12,8.573028
500,500,2,12,0.588237
500,500,2,12,0.558978
500,500,2,12,0.559943
500,500,2,12,0.560858
500,500,2,12,0.560617
500,500,2,12,0.562019
500,500,2,12,0.560357
500,500,2,12,0.561721
500,500,2,12,0.593571
500,500,2,12,0.593359
1000,500,2,12,2.193908
1000,500,2,12,2.196187
1000,500,2,12,2.197519
1000,500,2,12,2.215574
1000,500,2,12,2.228646
1000,500,2,12,2.224067
1000,500,2,12,2.195679
1000,500,2,12,2.194696
1000,500,2,12,2.200731
1000,500,2,12,2.196326
2000,500,2,12,8.955451
2000,500,2,12,8.916509
2000,500,2,12,8.934504
2000,500,2,12,8.95954
2000,500,2,12,8.924408
2000,500,2,12,8.920901
2000,500,2,12,8.959502
2000,500,2,12,9.011548
2000,500,2,12,8.930668
2000,500,2,12,8.960382
3000,500,2,12,20.464274
3000,500,2,12,20.288692
3000,500,2,12,20.29186
3000,500,2,12,20.298951
3000,500,2,12,20.310666
3000,500,2,12,20.312414
3000,500,2,12,20.255757
3000,500,2,12,20.287468
3000,500,2,12,20.407507
3000,500,2,12,20.484621
500,50,4,12,0.008089
500,50,4,12,0.007524
500,50,4,12,0.007227
500,50,4,12,0.007239
500,50,4,12,0.007215
500,50,4,12,0.007373
500,50,4,12,0.007236
500,50,4,12,0.007307
500,50,4,12,0.007171
500,50,4,12,0.007343
1000,50,4,12,0.023182
1000,50,4,12,0.023446
1000,50,4,12,0.022755
1000,50,4,12,0.022777
1000,50,4,12,0.022973
1000,50,4,12,0.022897
1000,50,4,12,0.022833
1000,50,4,12,0.022708
1000,50,4,12,0.022841
1000,50,4,12,0.02342
2000,50,4,12,0.076292
2000,50,4,12,0.07582
2000,50,4,12,0.07452
2000,50,4,12,0.074453
2000,50,4,12,0.077572
2000,50,4,12,0.074912
2000,50,4,12,0.075365
2000,50,4,12,0.074771
2000,50,4,12,0.073971
2000,50,4,12,0.074991
3000,50,4,12,0.163419
3000,50,4,12,0.162606
3000,50,4,12,0.163395
3000,50,4,12,0.163965
3000,50,4,12,0.163552
3000,50,4,12,0.163567
3000,50,4,12,0.16311
3000,50,4,12,0.16417
3000,50,4,12,0.163771
3000,50,4,12,0.163188
500,100,4,12,0.01344
500,100,4,12,0.013524
500,100,4,12,0.01342
500,100,4,12,0.013465
500,100,4,12,0.013323
500,100,4,12,0.013491
500,100,4,12,0.013319
500,100,4,12,0.013582
500,100,4,12,0.013387
500,100,4,12,0.013452
1000,100,4,12,0.042838
1000,100,4,12,0.044144
1000,100,4,12,0.043294
1000,100,4,12,0.043311
1000,100,4,12,0.042733
1000,100,4,12,0.042047
1000,100,4,12,0.042167
1000,100,4,12,0.043799
1000,100,4,12,0.042228
1000,100,4,12,0.042344
2000,100,4,12,0.142114
2000,100,4,12,0.141822
2000,100,4,12,0.142716
2000,100,4,12,0.13838
2000,100,4,12,0.139351
2000,100,4,12,0.139298
2000,100,4,12,0.141528
2000,100,4,12,0.142361
2000,100,4,12,0.139546
2000,100,4,12,0.14268
3000,100,4,12,0.308419
3000,100,4,12,0.308194
3000,100,4,12,0.308195
3000,100,4,12,0.30775
3000,100,4,12,0.308124
3000,100,4,12,0.30866
3000,100,4,12,0.309319
3000,100,4,12,0.308203
3000,100,4,12,0.308712
3000,100,4,12,0.309344
500,200,4,12,0.025349
500,200,4,12,0.02522
500,200,4,12,0.024944
500,200,4,12,0.025003
500,200,4,12,0.024832
500,200,4,12,0.025336
500,200,4,12,0.025065
500,200,4,12,0.02516
500,200,4,12,0.025137
500,200,4,12,0.024939
1000,200,4,12,0.078896
1000,200,4,12,0.07917
1000,200,4,12,0.079047
1000,200,4,12,0.078803
1000,200,4,12,0.081624
1000,200,4,12,0.07882
1000,200,4,12,0.0816
1000,200,4,12,0.080339
1000,200,4,12,0.080112
1000,200,4,12,0.08009
2000,200,4,12,0.264519
2000,200,4,12,0.263849
2000,200,4,12,0.264606
2000,200,4,12,0.267055
2000,200,4,12,0.270024
2000,200,4,12,0.264721
2000,200,4,12,0.267663
2000,200,4,12,0.265313
2000,200,4,12,0.264664
2000,200,4,12,0.268905
3000,200,4,12,0.594933
3000,200,4,12,0.607661
3000,200,4,12,0.591676
3000,200,4,12,0.592185
3000,200,4,12,0.593014
3000,200,4,12,0.594216
3000,200,4,12,0.595081
3000,200,4,12,0.592061
3000,200,4,12,0.596386
3000,200,4,12,0.594986
500,500,4,12,0.057995
500,500,4,12,0.057337
500,500,4,12,0.057588
500,500,4,12,0.057637
500,500,4,12,0.057103
500,500,4,12,0.056936
500,500,4,12,0.057646
500,500,4,12,0.057049
500,500,4,12,0.056942
500,500,4,12,0.057229
1000,500,4,12,0.195521
1000,500,4,12,0.181858
1000,500,4,12,0.181233
1000,500,4,12,0.178889
1000,500,4,12,0.180906
1000,500,4,12,0.180692
1000,500,4,12,0.182892
1000,500,4,12,0.179186
1000,500,4,12,0.180021
1000,500,4,12,0.180106
2000,500,4,12,0.626051
2000,500,4,12,0.629681
2000,500,4,12,0.632023
2000,500,4,12,0.625854
2000,500,4,12,0.627454
2000,500,4,12,0.62645
2000,500,4,12,0.62764
2000,500,4,12,0.628385
2000,500,4,12,0.627839
2000,500,4,12,0.628487
3000,500,4,12,1.409962
3000,500,4,12,1.406872
3000,500,4,12,1.40323
3000,500,4,12,1.407626
3000,500,4,12,1.415674
3000,500,4,12,1.410999
3000,500,4,12,1.404852
3000,500,4,12,1.407843
3000,500,4,12,1.407272
3000,500,4,12,1.407337
500,50,6,12,0.00587
500,50,6,12,0.005389
500,50,6,12,0.005479
500,50,6,12,0.0055
500,50,6,12,0.005443
500,50,6,12,0.005424
500,50,6,12,0.005455
500,50,6,12,0.006474
500,50,6,12,0.00547
500,50,6,12,0.005552
1000,50,6,12,0.016279
1000,50,6,12,0.017465
1000,50,6,12,0.016577
1000,50,6,12,0.016908
1000,50,6,12,0.016294
1000,50,6,12,0.016558
1000,50,6,12,0.016351
1000,50,6,12,0.016164
1000,50,6,12,0.017899
1000,50,6,12,0.017374
2000,50,6,12,0.054131
2000,50,6,12,0.052712
2000,50,6,12,0.052463
2000,50,6,12,0.051487
2000,50,6,12,0.052922
2000,50,6,12,0.050962
2000,50,6,12,0.051884
2000,50,6,12,0.052279
2000,50,6,12,0.052148
2000,50,6,12,0.051395
3000,50,6,12,0.110445
3000,50,6,12,0.110794
3000,50,6,12,0.111038
3000,50,6,12,0.112265
3000,50,6,12,0.116493
3000,50,6,12,0.110396
3000,50,6,12,0.11081
3000,50,6,12,0.109923
3000,50,6,12,0.113092
3000,50,6,12,0.110678
500,100,6,12,0.010006
500,100,6,12,0.010028
500,100,6,12,0.010081
500,100,6,12,0.010003
500,100,6,12,0.009983
500,100,6,12,0.010016
500,100,6,12,0.010072
500,100,6,12,0.010018
500,100,6,12,0.009947
500,100,6,12,0.010035
1000,100,6,12,0.03018
1000,100,6,12,0.030915
1000,100,6,12,0.030765
1000,100,6,12,0.030916
1000,100,6,12,0.029678
1000,100,6,12,0.03106
1000,100,6,12,0.030005
1000,100,6,12,0.030337
1000,100,6,12,0.030514
1000,100,6,12,0.031185
2000,100,6,12,0.095555
2000,100,6,12,0.097817
2000,100,6,12,0.096569
2000,100,6,12,0.095392
2000,100,6,12,0.095269
2000,100,6,12,0.099464
2000,100,6,12,0.096537
2000,100,6,12,0.097076
2000,100,6,12,0.096099
2000,100,6,12,0.096475
3000,100,6,12,0.208304
3000,100,6,12,0.207799
3000,100,6,12,0.20883
3000,100,6,12,0.208397
3000,100,6,12,0.208195
3000,100,6,12,0.208411
3000,100,6,12,0.209146
3000,100,6,12,0.208151
3000,100,6,12,0.208754
3000,100,6,12,0.20793
500,200,6,12,0.018854
500,200,6,12,0.018786
500,200,6,12,0.018817
500,200,6,12,0.018827
500,200,6,12,0.018746
500,200,6,12,0.01983
500,200,6,12,0.018778
500,200,6,12,0.019446
500,200,6,12,0.01885
500,200,6,12,0.018813
1000,200,6,12,0.057265
1000,200,6,12,0.0586
1000,200,6,12,0.058736
1000,200,6,12,0.056576
1000,200,6,12,0.057208
1000,200,6,12,0.05687
1000,200,6,12,0.056602
1000,200,6,12,0.058372
1000,200,6,12,0.058275
1000,200,6,12,0.058558
2000,200,6,12,0.181535
2000,200,6,12,0.184883
2000,200,6,12,0.183439
2000,200,6,12,0.180775
2000,200,6,12,0.184654
2000,200,6,12,0.181155
2000,200,6,12,0.188926
2000,200,6,12,0.182023
2000,200,6,12,0.1844
2000,200,6,12,0.182212
3000,200,6,12,0.395958
3000,200,6,12,0.396368
3000,200,6,12,0.399346
3000,200,6,12,0.398603
3000,200,6,12,0.400457
3000,200,6,12,0.39666
3000,200,6,12,0.395628
3000,200,6,12,0.401137
3000,200,6,12,0.39591
3000,200,6,12,0.397725
500,500,6,12,0.043212
500,500,6,12,0.043011
500,500,6,12,0.042605
500,500,6,12,0.043962
500,500,6,12,0.04346
500,500,6,12,0.043649
500,500,6,12,0.042993
500,500,6,12,0.043099
500,500,6,12,0.043121
500,500,6,12,0.042924
1000,500,6,12,0.129357
1000,500,6,12,0.129398
1000,500,6,12,0.129276
1000,500,6,12,0.129214
1000,500,6,12,0.129915
1000,500,6,12,0.128401
1000,500,6,12,0.129145
1000,500,6,12,0.129737
1000,500,6,12,0.130776
1000,500,6,12,0.130293
2000,500,6,12,0.430867
2000,500,6,12,0.431297
2000,500,6,12,0.433322
2000,500,6,12,0.429867
2000,500,6,12,0.434743
2000,500,6,12,0.432439
2000,500,6,12,0.429376
2000,500,6,12,0.430908
2000,500,6,12,0.431078
2000,500,6,12,0.42995
3000,500,6,12,0.952143
3000,500,6,12,0.952741
3000,500,6,12,0.954831
3000,500,6,12,0.952104
3000,500,6,12,0.954236
3000,500,6,12,0.952434
3000,500,6,12,0.953061
3000,500,6,12,0.950416
3000,500,6,12,0.955477
3000,500,6,12,0.952025
